kind	path	field	standard	crusades
changed	units/araarch.fbi	unitinfo#1/damagecategory	Human	Tier1
changed	units/araarch.fbi	unitinfo#1/healtime	0.52083	0.520833333
changed	units/araarch.fbi	weapon1#1/damage#1/factory	<absent>	0.25
changed	units/araarch.fbi	weapon1#1/damage#1/fort	<absent>	0.25
changed	units/araarch.fbi	weapon1#1/damage#1/mechanical	<absent>	0.5
changed	units/araarch.fbi	weapon1#1/damage#1/naval	<absent>	0.5
changed	units/araarch.fbi	weapon1#1/damage#1/stalwart	<absent>	0.25
changed	units/araat.fbi	unitinfo#1/cantbecaptured	<absent>	1
changed	units/araat.fbi	unitinfo#1/cantbestoned	<absent>	1
changed	units/araat.fbi	unitinfo#1/experiencepoints	21	31
changed	units/araat.fbi	unitinfo#1/maxdamage	4700	5200
changed	units/araat.fbi	weapon1#1/damage#1/factory	<absent>	0.25
changed	units/araat.fbi	weapon1#1/damage#1/fort	<absent>	0.25
changed	units/araat.fbi	weapon1#1/damage#1/mechanical	<absent>	0.5
changed	units/araat.fbi	weapon1#1/damage#1/naval	<absent>	0.5
changed	units/araat.fbi	weapon1#1/damage#1/stalwart	<absent>	0.25
changed	units/araat.fbi	weapon1#1/damage#1/tier1	<absent>	2.0
changed	units/araat.fbi	weapon2#1/damage#1/factory	<absent>	0.25
changed	units/araat.fbi	weapon2#1/damage#1/fort	<absent>	0.25
changed	units/araat.fbi	weapon2#1/damage#1/mechanical	<absent>	0.5
changed	units/araat.fbi	weapon2#1/damage#1/naval	<absent>	0.5
changed	units/araat.fbi	weapon2#1/damage#1/stalwart	<absent>	0.25
changed	units/araat.fbi	weapon2#1/damage#1/tier1	<absent>	2.0
changed	units/arabow.fbi	weapon1#1/explosionclass	<absent>	teeny explosion
presentation	units/arabow.fbi	weapon1#1/name	<presentation text omitted>	<presentation text omitted>
changed	units/arabow.fbi	weapon3#1/damage#1/airship	0	<absent>
changed	units/arabow.fbi	weapon3#1/damage#1/default	500	1
changed	units/arabow.fbi	weapon3#1/damage#1/dragon	0	<absent>
changed	units/arabow.fbi	weapon3#1/damage#1/factory	0	<absent>
changed	units/arabow.fbi	weapon3#1/damage#1/fort	0	<absent>
changed	units/arabow.fbi	weapon3#1/damage#1/god	0	<absent>
changed	units/arabow.fbi	weapon3#1/damage#1/monarch	0	<absent>
changed	units/arabow.fbi	weapon3#1/damage#1/naval	0	<absent>
changed	units/arabroad.fbi	unitinfo#1/maxvelocity	1	1.4
changed	units/arabroad.fbi	weapon1#1/damage#1/default	640	740
changed	units/arabroad.fbi	weapon1#1/damage#1/tier1	<absent>	2.0
changed	units/arabroad.fbi	weapon1#1/range	300	55
changed	units/arabuild.fbi	unitinfo#1/buildcost	443	643
changed	units/arabuild.fbi	unitinfo#1/buildtime	140	175
changed	units/arabuild.fbi	unitinfo#1/healtime	0.583333333	1.166666666
changed	units/arabuild.fbi	weapon1#1/damage#1/default	216	250
changed	units/arabuild.fbi	weapon1#1/damage#1/lodestone	<absent>	1.5
changed	units/arabuild.fbi	weapon1#1/reloadtime	2	3.8
changed	units/aracan.fbi	unitinfo#1/maxdamage	2200	2600
changed	units/aracan.fbi	unitinfo#1/movementclass	GROUND4	GROUND5
changed	units/aracan.fbi	weapon1#1/damage#1/factory	<absent>	1.25
changed	units/aracan.fbi	weapon1#1/damage#1/fort	<absent>	1.25
changed	units/aracan.fbi	weapon1#1/edgeeffectiveness	<absent>	0.75
changed	units/aracan.fbi	weapon1#1/range	600	800
changed	units/aracastl.fbi	unitinfo#1/buildtime	1522	1622
changed	units/aracastl.fbi	unitinfo#1/cantbecaptured	<absent>	1
changed	units/aracastl.fbi	unitinfo#1/experiencepoints	100	300
changed	units/aradrag.fbi	unitinfo#1/buildcost	43944	28944
changed	units/aradrag.fbi	weapon2#1/areaofeffect	45	100
changed	units/aradrag.fbi	weapon2#1/damage#1/default	845	1245
changed	units/aradrag.fbi	weapon3#1/manapershot	900	1300
changed	units/arafly.fbi	unitinfo#1/cruisalt	200	<absent>
changed	units/arafly.fbi	unitinfo#1/cruisealt	<absent>	200
changed	units/arafly.fbi	unitinfo#1/damagecategory	Human	monster
changed	units/arafly.fbi	unitinfo#1/mogriumincome	1	2
changed	units/arafly.fbi	unitinfo#1/mogriumstorage	150	200
changed	units/aragod.fbi	unitinfo#1/acceleration	.5	10
changed	units/aragod.fbi	unitinfo#1/brakerate	.3	0.3
changed	units/aragod.fbi	unitinfo#1/buildcost	360000	100000
changed	units/aragod.fbi	unitinfo#1/buildtime	36000	30000
changed	units/aragod.fbi	unitinfo#1/damagecategory	god	God
changed	units/aragod.fbi	unitinfo#1/experiencepoints	1000	1011
changed	units/aragod.fbi	unitinfo#1/healtime	600	50
changed	units/aragod.fbi	unitinfo#1/maneuverleashlength	2000	500
changed	units/aragod.fbi	unitinfo#1/maxdamage	29999	28999
changed	units/aragod.fbi	unitinfo#1/radardistance	25000	2000
changed	units/aragod.fbi	unitinfo#1/roadmultiplier	1.0	<absent>
changed	units/aragod.fbi	unitinfo#1/sightdistance	2500	289
changed	units/aragod.fbi	unitinfo#1/waterline	40	1
changed	units/aragod.fbi	unitinfo#1/watermultiplier	1.0	<absent>
changed	units/aragod.fbi	weapon1#1/aimtolerance	8000	<absent>
changed	units/aragod.fbi	weapon1#1/damage#1/default	16000	6300
changed	units/aragod.fbi	weapon1#1/range	1000	40
changed	units/aragod.fbi	weapon2#1/aimtolerance	33000	1024
changed	units/aragod.fbi	weapon2#1/areaofeffect	500	400
changed	units/aragod.fbi	weapon2#1/damage#1/default	15000	3077
changed	units/aragod.fbi	weapon2#1/reloadtime	3.0	5
changed	units/aragod.fbi	weapon2#1/shakemagnitude	4	3
changed	units/aragod.fbi	weapon2#1/weaponvelocity	2000	200
changed	units/aragren.fbi	explodeas#1/damage#1/default	423	1023
presentation	units/aragren.fbi	explodeas#1/name	<presentation text omitted>	<presentation text omitted>
changed	units/aragren.fbi	unitinfo#1/buildcost	2874	1074
changed	units/aragren.fbi	unitinfo#1/buildtime	377	190
changed	units/aragren.fbi	unitinfo#1/healtime	1.570833333	0.791
changed	units/aragren.fbi	unitinfo#1/maxdamage	2349	1649
changed	units/aragren.fbi	unitinfo#1/maxvelocity	2	1.4
changed	units/aragren.fbi	weapon1#1/aimtolerance	1024	512
changed	units/aragren.fbi	weapon1#1/areaofeffect	20	100
changed	units/aragren.fbi	weapon1#1/reloadtime	1.9	2.9
changed	units/aragren.fbi	weapon2#1/aimtolerance	1024	512
changed	units/aragren.fbi	weapon2#1/areaofeffect	100	50
changed	units/aragren.fbi	weapon2#1/damage#1/default	684	1284
changed	units/aragren.fbi	weapon2#1/damage#1/factory	<absent>	1.5
changed	units/aragren.fbi	weapon2#1/damage#1/fort	<absent>	1.5
changed	units/aragren.fbi	weapon2#1/damage#1/naval	<absent>	1.5
changed	units/aragren.fbi	weapon2#1/range	512	503
changed	units/aragren.fbi	weapon2#1/reloadtime	2.5	2.9
changed	units/aragren.fbi	weapon3#1/aimtolerance	1024	512
changed	units/aragren.fbi	weapon3#1/areaofeffect	65	140
changed	units/aragren.fbi	weapon3#1/damage#1/default	538	228
changed	units/aragren.fbi	weapon3#1/range	487	503
changed	units/aragren.fbi	weapon3#1/reloadtime	3.1	2.9
changed	units/arakeep.fbi	unitinfo#1/cantbecaptured	<absent>	1
changed	units/arakeep.fbi	unitinfo#1/experiencepoints	200	100
changed	units/araking.fbi	unitinfo#1/buildtime	10	100000
changed	units/araking.fbi	unitinfo#1/experiencepoints	151	350
changed	units/araking.fbi	unitinfo#1/healtime	0.041666667	216.67
changed	units/araking.fbi	unitinfo#1/manarechargerate	20	15
changed	units/araking.fbi	weapon1#1/damage#1/default	950	1250
changed	units/araking.fbi	weapon1#1/damage#1/mechanical	<absent>	1.25
changed	units/araking.fbi	weapon2#1/damage#1/default	2000	2200
changed	units/araking.fbi	weapon2#1/damage#1/dragon	<absent>	2.0
changed	units/araking.fbi	weapon2#1/manapershot	200	300
changed	units/araking.fbi	weapon3#1/damage#1/factory	<absent>	0.25
changed	units/araking.fbi	weapon3#1/damage#1/fort	<absent>	0.25
changed	units/araking.fbi	weapon3#1/damage#1/monarch	<absent>	0.25
changed	units/araknigh.fbi	unitinfo#1/bodytype	armor	flesh
changed	units/araknigh.fbi	unitinfo#1/buildcost	665	765
changed	units/araknigh.fbi	unitinfo#1/buildtime	188	198
changed	units/araknigh.fbi	unitinfo#1/damagecategory	Human	Tier1
changed	units/araknigh.fbi	weapon1#1/damage#1/default	333	435
changed	units/araknigh.fbi	weapon1#1/damage#1/factory	<absent>	0.5
changed	units/araknigh.fbi	weapon1#1/damage#1/fort	<absent>	0.5
changed	units/araknigh.fbi	weapon1#1/damage#1/mechanical	<absent>	0.75
changed	units/araknigh.fbi	weapon1#1/damage#1/stalwart	<absent>	0.5
changed	units/araknigh.fbi	weapon1#1/range	300	100
changed	units/aralode.fbi	unitinfo#1/cantbecaptured	<absent>	1
changed	units/aralode.fbi	unitinfo#1/experiencepoints	6	5
changed	units/aramana.fbi	unitinfo#1/buildcost	8564	3564
changed	units/aramana.fbi	unitinfo#1/buildtime	1450	550
changed	units/aramana.fbi	unitinfo#1/cantbecaptured	<absent>	1
changed	units/aramana.fbi	unitinfo#1/experiencepoints	13	30
changed	units/aramana.fbi	unitinfo#1/healtime	4.175	2.175
changed	units/aramana.fbi	unitinfo#1/maxdamage	15092	17092
changed	units/arangate.fbi	unitinfo#1/cantbecaptured	<absent>	1
changed	units/arangate.fbi	unitinfo#1/radardistance	999	500
changed	units/aranull.fbi	unitinfo#1/cantbefrozen	1	<absent>
changed	units/arapal.fbi	unitinfo#1/cantbefrozen	1	<absent>
changed	units/arapal.fbi	unitinfo#1/frozen	<absent>	arapal_frozen
changed	units/arapal.fbi	weapon1#1/range	300	100
changed	units/araprie2.fbi	unitinfo#1/healtime	4.6167	4.616666667
changed	units/arapries.fbi	unitinfo#1/buildcost	5917	4417
changed	units/arapries.fbi	unitinfo#1/buildtime	1108	708
changed	units/arapries.fbi	unitinfo#1/experiencepoints	35	50
changed	units/arapries.fbi	unitinfo#1/healtime	4.6167	2.95
changed	units/arapries.fbi	unitinfo#1/maxdamage	2300	2800
changed	units/arapries.fbi	unitinfo#1/mogriumincome	1	5
changed	units/arapries.fbi	weapon2#1/aimtolerance	<absent>	1024
changed	units/arapries.fbi	weapon2#1/areaofeffect	200	<absent>
changed	units/arapries.fbi	weapon2#1/buttonimagedisabled	HailStormPU	StoneGazePU
changed	units/arapries.fbi	weapon2#1/buttonimagedown	HailStormPU	StoneGazePU
changed	units/arapries.fbi	weapon2#1/buttonimageselected	HailStormSBh	StoneGazeSBh
changed	units/arapries.fbi	weapon2#1/buttonimageup	HailStormSB	StoneGazeSB
changed	units/arapries.fbi	weapon2#1/damage#1/default	70	1
changed	units/arapries.fbi	weapon2#1/duration	2.5	<absent>
changed	units/arapries.fbi	weapon2#1/edgeeffectiveness	0.75	<absent>
changed	units/arapries.fbi	weapon2#1/explosionclass	iceballexp	blue_shockring
changed	units/arapries.fbi	weapon2#1/lightmap	<absent>	medium
changed	units/arapries.fbi	weapon2#1/manapershot	600	250
presentation	units/arapries.fbi	weapon2#1/name	<presentation text omitted>	<presentation text omitted>
changed	units/arapries.fbi	weapon2#1/noairweapon	<absent>	1
changed	units/arapries.fbi	weapon2#1/particlespersecond	5	<absent>
changed	units/arapries.fbi	weapon2#1/range	400	300
changed	units/arapries.fbi	weapon2#1/reloadtime	5	3.5
changed	units/arapries.fbi	weapon2#1/soundhit	<absent>	arrow08
changed	units/arapries.fbi	weapon2#1/soundhitclass	rock	<absent>
changed	units/arapries.fbi	weapon2#1/subtype	hailstorm	turntostone
changed	units/arapries.fbi	weapon2#1/type	Remote Effect	line of sight
changed	units/arapries.fbi	weapon2#1/waterexplosionclass	medium water explosion	<absent>
changed	units/arapries.fbi	weapon2#1/weaponart	iceballspin	fireballA
changed	units/arapries.fbi	weapon2#1/weaponvelocity	1000	500
changed	units/arapries.fbi	weapon3#1/aimtolerance	1024	<absent>
changed	units/arapries.fbi	weapon3#1/areaofeffect	<absent>	200
changed	units/arapries.fbi	weapon3#1/buttonimagedisabled	StoneGazePU	HailStormPU
changed	units/arapries.fbi	weapon3#1/buttonimagedown	StoneGazePU	HailStormPU
changed	units/arapries.fbi	weapon3#1/buttonimageselected	StoneGazeSBh	HailStormSBh
changed	units/arapries.fbi	weapon3#1/buttonimageup	StoneGazeSB	HailStormSB
changed	units/arapries.fbi	weapon3#1/damage#1/default	1	400
changed	units/arapries.fbi	weapon3#1/duration	<absent>	2.5
changed	units/arapries.fbi	weapon3#1/edgeeffectiveness	<absent>	0.75
changed	units/arapries.fbi	weapon3#1/explosionclass	blue_shockring	iceballexp
changed	units/arapries.fbi	weapon3#1/lightmap	medium	<absent>
changed	units/arapries.fbi	weapon3#1/manapershot	750	900
presentation	units/arapries.fbi	weapon3#1/name	<presentation text omitted>	<presentation text omitted>
changed	units/arapries.fbi	weapon3#1/noairweapon	1	<absent>
changed	units/arapries.fbi	weapon3#1/particlespersecond	<absent>	10
changed	units/arapries.fbi	weapon3#1/range	300	400
changed	units/arapries.fbi	weapon3#1/reloadtime	5	4
changed	units/arapries.fbi	weapon3#1/soundhit	arrow08	<absent>
changed	units/arapries.fbi	weapon3#1/soundhitclass	<absent>	rock
changed	units/arapries.fbi	weapon3#1/subtype	turntostone	hailstorm
changed	units/arapries.fbi	weapon3#1/type	line of sight	Remote Effect
changed	units/arapries.fbi	weapon3#1/waterexplosionclass	<absent>	medium water explosion
changed	units/arapries.fbi	weapon3#1/weaponart	fireballA	iceballspin
changed	units/arapries.fbi	weapon3#1/weaponvelocity	500	1000
changed	units/arapult.fbi	unitinfo#1/buildcost	751	1451
changed	units/arapult.fbi	unitinfo#1/buildtime	165	235
changed	units/arapult.fbi	unitinfo#1/experiencepoints	24	25
changed	units/arapult.fbi	unitinfo#1/healtime	0.6875	0.9791667
changed	units/arapult.fbi	unitinfo#1/movementclass	GROUND4	GROUND5
changed	units/arapult.fbi	weapon1#1/damage#1/factory	<absent>	1.25
changed	units/arapult.fbi	weapon1#1/damage#1/fort	<absent>	1.25
changed	units/arapult.fbi	weapon1#1/minrange	<absent>	180
changed	units/arasiege.fbi	unitinfo#1/buildtime	1417	1217
changed	units/arasiege.fbi	unitinfo#1/cantransport	<absent>	1
changed	units/arasiege.fbi	unitinfo#1/experiencepoints	37	47
changed	units/arasiege.fbi	unitinfo#1/movementclass	GROUND4	GROUND5
changed	units/arasiege.fbi	unitinfo#1/transportcapacity	<absent>	4
changed	units/arasiege.fbi	unitinfo#1/transportdistance	<absent>	200
changed	units/arasiege.fbi	unitinfo#1/transportsize	<absent>	9
changed	units/arasiege.fbi	unitinfo#1/transportsizecapacity	<absent>	16
changed	units/arasiege.fbi	weapon1#1/damage#1/factory	<absent>	0.25
changed	units/arasiege.fbi	weapon1#1/damage#1/fort	<absent>	0.25
changed	units/arasiege.fbi	weapon1#1/damage#1/mechanical	<absent>	0.5
changed	units/arasiege.fbi	weapon1#1/damage#1/naval	<absent>	0.5
changed	units/arasiege.fbi	weapon2#1/damage#1/factory	<absent>	0.25
changed	units/arasiege.fbi	weapon2#1/damage#1/fort	<absent>	0.25
changed	units/arasiege.fbi	weapon2#1/damage#1/mechanical	<absent>	0.5
changed	units/arasiege.fbi	weapon2#1/damage#1/stalwart	<absent>	0.25
changed	units/arasmith.fbi	unitinfo#1/damagecategory	monster	stalwart
changed	units/arasmith.fbi	weapon1#1/damage#1/default	500	700
changed	units/arasmith.fbi	weapon1#1/damage#1/factory	<absent>	2.0
changed	units/arasmith.fbi	weapon1#1/damage#1/fort	<absent>	2.0
changed	units/arasmith.fbi	weapon1#1/damage#1/mechanical	<absent>	1.5
changed	units/arasmith.fbi	weapon1#1/damage#1/siege	<absent>	1.5
changed	units/arasmith.fbi	weapon1#1/range	300	55
changed	units/araspy.fbi	unitinfo#1/buildcost	2509	1509
changed	units/araspy.fbi	unitinfo#1/manarechargerate	10	15
changed	units/araspy.fbi	unitinfo#1/maxmana	1000	1500
changed	units/araspy.fbi	weapon1#1/damage#1/stalwart	<absent>	6
changed	units/araspy.fbi	weapon1#1/damage#1/tier1	<absent>	6
changed	units/araspy.fbi	weapon1#1/reloadtime	4.1	3.1
changed	units/arassh.fbi	unitinfo#1/cantbecaptured	<absent>	1
changed	units/arassh.fbi	unitinfo#1/experiencepoints	57	61
changed	units/arassh.fbi	unitinfo#1/maxdamage	18500	23500
changed	units/arassh.fbi	weapon1#1/areaofeffect	50	65
changed	units/arassh.fbi	weapon1#1/damage#1/default	1125	1225
changed	units/arassh.fbi	weapon1#1/damage#1/tier1	<absent>	2.0
changed	units/arassh.fbi	weapon1#1/edgeeffectiveness	0.1	0.2
changed	units/arassh.fbi	weapon1#1/reloadtime	4	3
changed	units/arasword.fbi	unitinfo#1/buildtime	99	90
changed	units/arasword.fbi	unitinfo#1/damagecategory	HUMAN	Tier1
changed	units/arasword.fbi	unitinfo#1/healtime	0.4125	0.375
changed	units/arasword.fbi	unitinfo#1/maxdamage	2500	3000
changed	units/arasword.fbi	weapon1#1/damage#1/factory	<absent>	0.5
changed	units/arasword.fbi	weapon1#1/damage#1/fort	<absent>	0.5
changed	units/arasword.fbi	weapon1#1/damage#1/mechanical	<absent>	0.75
changed	units/arasword.fbi	weapon1#1/damage#1/stalwart	<absent>	0.5
changed	units/arasword.fbi	weapon1#1/range	300	30
changed	units/aratrans.fbi	unitinfo#1/buildcost	4131	2531
changed	units/aratrans.fbi	unitinfo#1/buildtime	380	677
changed	units/aratrans.fbi	unitinfo#1/experiencepoints	41	44
changed	units/aratrans.fbi	unitinfo#1/healtime	0.79167	2.808
changed	units/aratrans.fbi	unitinfo#1/maxdamage	6111	9111
changed	units/aratrans.fbi	unitinfo#1/mogriumincome	<absent>	1
changed	units/aratrans.fbi	unitinfo#1/mogriumstorage	<absent>	100
changed	units/aratrans.fbi	unitinfo#1/transportcapacity	50	100
changed	units/aratrans.fbi	unitinfo#1/transportsizecapacity	200	400
changed	units/aratrans.fbi	weapon1#1/aimtolerance	2000	1024
changed	units/aratrans.fbi	weapon1#1/damage#1/default	826	252
changed	units/aratrans.fbi	weapon1#1/damage#1/factory	<absent>	0.25
changed	units/aratrans.fbi	weapon1#1/damage#1/fort	<absent>	0.25
changed	units/aratrans.fbi	weapon1#1/damage#1/mechanical	<absent>	0.5
changed	units/aratrans.fbi	weapon1#1/damage#1/naval	<absent>	0.5
changed	units/aratrans.fbi	weapon1#1/damage#1/stalwart	<absent>	0.25
changed	units/aratrans.fbi	weapon1#1/reloadtime	1.35	3.1
changed	units/aratrans.fbi	weapon1#1/weaponvelocity	725	525
changed	units/aratre.fbi	unitinfo#1/cantbecaptured	<absent>	1
changed	units/arawall.fbi	unitinfo#1/buildtime	65	40
changed	units/arawall.fbi	unitinfo#1/healtime	0.416666667	0
changed	units/arawall.fbi	unitinfo#1/maxdamage	4000	3000
changed	units/arawar.fbi	unitinfo#1/buildcost	2319	2619
changed	units/arawar.fbi	unitinfo#1/experiencepoints	27	37
changed	units/arawar.fbi	unitinfo#1/maxdamage	4527	6527
changed	units/arawar.fbi	weapon1#1/range	485	550
changed	units/arawar.fbi	weapon1#1/reloadtime	2.4	3.7
changed	units/arawar.fbi	weapon1#1/weaponvelocity	420	760
changed	units/arawar.fbi	weapon2#1/aimtolerance	<absent>	1024
changed	units/arawar.fbi	weapon2#1/damage#1/default	<absent>	252
changed	units/arawar.fbi	weapon2#1/damage#1/factory	<absent>	0.25
changed	units/arawar.fbi	weapon2#1/damage#1/fort	<absent>	0.25
changed	units/arawar.fbi	weapon2#1/damage#1/mechanical	<absent>	0.5
changed	units/arawar.fbi	weapon2#1/damage#1/naval	<absent>	0.5
changed	units/arawar.fbi	weapon2#1/damage#1/stalwart	<absent>	0.25
changed	units/arawar.fbi	weapon2#1/model	<absent>	araarrow
presentation	units/arawar.fbi	weapon2#1/name	<absent>	<presentation text omitted>
changed	units/arawar.fbi	weapon2#1/range	<absent>	380
changed	units/arawar.fbi	weapon2#1/reloadtime	<absent>	3.1
changed	units/arawar.fbi	weapon2#1/soundhitclass	<absent>	arrow
changed	units/arawar.fbi	weapon2#1/type	<absent>	Ballistic
changed	units/arawar.fbi	weapon2#1/waterexplosionclass	<absent>	small water explosion
changed	units/arawar.fbi	weapon2#1/weaponvelocity	<absent>	420
changed	units/creacad.fbi	unitinfo#1/builddistance	100	200
changed	units/creacad.fbi	unitinfo#1/experiencepoints	180	300
changed	units/creaeri.fbi	weapon1#1/damage#1/default	481	311
changed	units/creaeri.fbi	weapon1#1/damage#1/factory	<absent>	0.25
changed	units/creaeri.fbi	weapon1#1/damage#1/fort	<absent>	0.25
changed	units/creaeri.fbi	weapon1#1/damage#1/mechanical	<absent>	0.5
changed	units/creaeri.fbi	weapon1#1/damage#1/naval	<absent>	0.5
changed	units/creaeri.fbi	weapon1#1/damage#1/stalwart	<absent>	0.25
changed	units/creaeri.fbi	weapon2#1/damage#1/monarch	<absent>	0.25
changed	units/creaeri.fbi	weapon3#1/damage#1/monarch	<absent>	0.25
changed	units/creauto.fbi	unitinfo#1/damagecategory	HUMAN	undead
changed	units/creauto.fbi	weapon1#1/damage#1/factory	<absent>	0.5
changed	units/creauto.fbi	weapon1#1/damage#1/fort	<absent>	0.5
changed	units/creauto.fbi	weapon1#1/damage#1/mechanical	<absent>	0.75
changed	units/creauto.fbi	weapon1#1/damage#1/stalwart	<absent>	0.5
changed	units/creauto.fbi	weapon1#1/range	300	30
changed	units/crebarn.fbi	unitinfo#1/buildcost	213	293
changed	units/crebarn.fbi	unitinfo#1/buildtime	220	260
changed	units/crebarn.fbi	unitinfo#1/damagecategory	<absent>	airship
changed	units/crebarn.fbi	unitinfo#1/experiencepoints	18	35
changed	units/crebarn.fbi	unitinfo#1/maxdamage	148	288
changed	units/crebeas.fbi	unitinfo#1/buildcost	1820	3520
changed	units/crebeas.fbi	unitinfo#1/buildtime	215	422
changed	units/crebeas.fbi	unitinfo#1/experiencepoints	21	41
changed	units/crebeas.fbi	unitinfo#1/healtime	0.89583	0.59583
changed	units/crebeas.fbi	unitinfo#1/maxdamage	5300	7300
changed	units/crebeas.fbi	unitinfo#1/maxvelocity	1.23	1.2
changed	units/crebeas.fbi	weapon1#1/aimtolerance	2000	1024
changed	units/crebeas.fbi	weapon1#1/damage#1/default	400	1200
changed	units/crebeas.fbi	weapon1#1/minrange	<absent>	90
changed	units/crebeas.fbi	weapon1#1/range	620	850
changed	units/crebeas.fbi	weapon1#1/reloadtime	2.5	3.5
changed	units/crebeas.fbi	weapon2#1/damage#1/factory	<absent>	0.5
changed	units/crebeas.fbi	weapon2#1/damage#1/fort	<absent>	0.5
presentation	units/crebomb.fbi	explodeas#1/name	<presentation text omitted>	<presentation text omitted>
changed	units/crebomb.fbi	unitinfo#1/damagecategory	fort	mechanical
changed	units/crebomb.fbi	unitinfo#1/experiencepoints	47	67
changed	units/crebomb.fbi	unitinfo#1/maxdamage	11650	3650
changed	units/crebomb.fbi	unitinfo#1/sightdistance	510	260
changed	units/crebomb.fbi	weapon1#1/aimtolerance	500	512
changed	units/crebomb.fbi	weapon1#1/minrange	<absent>	180
changed	units/crechie.fbi	unitinfo#1/buildcost	4734	4634
changed	units/crechie.fbi	unitinfo#1/builddistance	75	200
changed	units/crechie.fbi	unitinfo#1/buildtime	1108	777
changed	units/crechie.fbi	unitinfo#1/experiencepoints	28	50
changed	units/crechie.fbi	unitinfo#1/maxdamage	1870	3870
changed	units/crechie.fbi	unitinfo#1/mogriumincome	1	5
changed	units/crechie.fbi	weapon1#1/aimtolerance	1000	1024
changed	units/crechie.fbi	weapon1#1/damage#1/mechanical	<absent>	1.25
changed	units/crechie.fbi	weapon1#1/emittime	100	15
changed	units/crechie.fbi	weapon1#1/range	450	350
changed	units/crechie.fbi	weapon1#1/reloadtime	2.1	2.8
changed	units/crechie.fbi	weapon2#1/damage#1/default	1	450
changed	units/crechie.fbi	weapon2#1/damage#1/factory	<absent>	0.25
changed	units/crechie.fbi	weapon2#1/damage#1/fort	<absent>	0.25
changed	units/crechie.fbi	weapon3#1/damage#1/default	1000	1
changed	units/crechie.fbi	weapon3#1/damage#1/dragon	0	<absent>
changed	units/crechie.fbi	weapon3#1/damage#1/factory	0	<absent>
changed	units/crechie.fbi	weapon3#1/damage#1/fort	0	<absent>
changed	units/crechie.fbi	weapon3#1/damage#1/god	0	<absent>
changed	units/crechie.fbi	weapon3#1/damage#1/monarch	0	<absent>
changed	units/credrag.fbi	unitinfo#1/buildcost	5652	8756
changed	units/credrag.fbi	unitinfo#1/buildtime	755	875
changed	units/credrag.fbi	unitinfo#1/experiencepoints	42	55
changed	units/credrag.fbi	unitinfo#1/healtime	2.0972222	2.91
changed	units/credrag.fbi	unitinfo#1/maxdamage	5135	6435
changed	units/credrag.fbi	unitinfo#1/maxvelocity	7	5.5
changed	units/credrag.fbi	unitinfo#1/radardistance	1500	700
changed	units/credrag.fbi	unitinfo#1/turnrate	500	600
changed	units/credrag.fbi	weapon1#1/areaofeffect	50	30
changed	units/credrag.fbi	weapon1#1/damage#1/default	821	800
changed	units/credrag.fbi	weapon1#1/weaponvelocity	230	330
changed	units/credrag.fbi	weapon2#1/damage#1/default	1	450
changed	units/credrag.fbi	weapon2#1/damage#1/factory	<absent>	0.25
changed	units/credrag.fbi	weapon2#1/damage#1/fort	<absent>	0.25
changed	units/credrag.fbi	weapon2#1/manapershot	400	300
changed	units/credrag.fbi	weapon3#1/areaofeffect	290	180
changed	units/credrag.fbi	weapon3#1/damage#1/default	1	450
changed	units/credrag.fbi	weapon3#1/damage#1/dragon	0	<absent>
changed	units/credrag.fbi	weapon3#1/damage#1/factory	0	0.25
changed	units/credrag.fbi	weapon3#1/damage#1/fort	0	0.25
changed	units/credrag.fbi	weapon3#1/damage#1/god	0	<absent>
changed	units/credrag.fbi	weapon3#1/damage#1/lodestone	0	<absent>
changed	units/credrag.fbi	weapon3#1/damage#1/monarch	0	<absent>
changed	units/credrag.fbi	weapon3#1/damage#1/naval	0	<absent>
changed	units/crefire.fbi	explodeas#1/areaofeffect	210	<absent>
changed	units/crefire.fbi	explodeas#1/damage#1/default	180	<absent>
changed	units/crefire.fbi	explodeas#1/damage#1/monarch	0.5	<absent>
changed	units/crefire.fbi	explodeas#1/damagetype	explosion	<absent>
changed	units/crefire.fbi	explodeas#1/edgeeffectiveness	0.1	<absent>
changed	units/crefire.fbi	explodeas#1/explosionclass	fireball explosion	<absent>
presentation	units/crefire.fbi	explodeas#1/name	<presentation text omitted>	<absent>
changed	units/crefire.fbi	explodeas#1/type	Ballistic	<absent>
changed	units/crefire.fbi	explodeas#1/weaponvelocity	300	<absent>
changed	units/crefire.fbi	unitinfo#1/buildcost	778	828
changed	units/crefire.fbi	unitinfo#1/buildtime	311	175
changed	units/crefire.fbi	unitinfo#1/damagecategory	siege	mechanical
changed	units/crefire.fbi	unitinfo#1/healtime	1.2958333	1.375
changed	units/crefire.fbi	unitinfo#1/maxdamage	2785	2385
changed	units/crefire.fbi	unitinfo#1/maxvelocity	1.10	1.1
changed	units/crefire.fbi	weapon1#1/emittime	60	45
changed	units/crefire.fbi	weapon1#1/range	345	350
changed	units/cregate.fbi	unitinfo#1/buildcost	503	425
changed	units/cregate.fbi	unitinfo#1/buildtime	330	175
changed	units/cregate.fbi	unitinfo#1/healtime	0.6875	0.3575
changed	units/cregate.fbi	unitinfo#1/noshadow	<absent>	1
changed	units/cregate.fbi	unitinfo#1/radardistance	950	500
changed	units/cregate.fbi	unitinfo#1/sightdistance	400	300
changed	units/cregate.fbi	unitinfo#1/wind	<absent>	1
changed	units/cregatl.fbi	unitinfo#1/buildtime	500	350
changed	units/cregatl.fbi	unitinfo#1/damagecategory	fort	mechanical
changed	units/cregatl.fbi	unitinfo#1/experiencepoints	23	40
changed	units/cregatl.fbi	unitinfo#1/healtime	1.0416	.61416
changed	units/cregatl.fbi	unitinfo#1/maxdamage	6605	5500
changed	units/cregatl.fbi	unitinfo#1/radardistance	700	1000
changed	units/cregatl.fbi	weapon1#1/damage#1/default	295	325
changed	units/cregatl.fbi	weapon1#1/damage#1/factory	<absent>	0.25
changed	units/cregatl.fbi	weapon1#1/damage#1/fort	<absent>	0.25
changed	units/cregatl.fbi	weapon1#1/damage#1/mechanical	<absent>	0.5
changed	units/cregatl.fbi	weapon1#1/damage#1/stalwart	<absent>	0.25
changed	units/cregatl.fbi	weapon1#1/damage#1/tier1	<absent>	2.0
changed	units/cregatl.fbi	weapon1#1/weaponvelocity	595	800
changed	units/cregod.fbi	unitinfo#1/buildcost	360000	100000
changed	units/cregod.fbi	unitinfo#1/buildtime	36000	30000
changed	units/cregod.fbi	unitinfo#1/healtime	600	50
changed	units/cregod.fbi	unitinfo#1/maxvelocity	2.50	1.50
changed	units/cregod.fbi	unitinfo#1/radardistance	25000	10000
changed	units/cregod.fbi	weapon1#1/damage#1/default	10000	5000
changed	units/cregod.fbi	weapon2#1/damage#1/default	5000	2500
changed	units/cregod.fbi	weapon3#1/damage#1/default	5000	1000
presentation	units/cregod.fbi	weapon3#1/name	<presentation text omitted>	<presentation text omitted>
changed	units/creiron.fbi	unitinfo#1/buildtime	398	240
changed	units/creiron.fbi	unitinfo#1/experiencepoints	30	48
changed	units/creiron.fbi	unitinfo#1/healtime	1.6583333	1.0
changed	units/creiron.fbi	unitinfo#1/maxvelocity	2.9	2.7
changed	units/creiron.fbi	unitinfo#1/sightdistance	280	220
changed	units/creiron.fbi	weapon1#1/damage#1/default	1288	988
changed	units/creiron.fbi	weapon1#1/range	430	450
changed	units/creiron.fbi	weapon1#1/reloadtime	3.2	4.3
changed	units/creiron.fbi	weapon2#1/damage#1/default	688	650
changed	units/creiron.fbi	weapon2#1/range	370	350
changed	units/creiron.fbi	weapon2#1/reloadtime	2.6	3.9
changed	units/cremana.fbi	unitinfo#1/buildcost	9352	3352
changed	units/cremana.fbi	unitinfo#1/buildtime	1450	560
changed	units/cremana.fbi	unitinfo#1/experiencepoints	12	30
changed	units/cremana.fbi	unitinfo#1/healtime	4.175	2.175
changed	units/cremana.fbi	unitinfo#1/maxdamage	13892	16681
changed	units/cremech.fbi	unitinfo#1/buildcost	355	975
changed	units/cremech.fbi	unitinfo#1/buildtime	140	195
changed	units/cremech.fbi	unitinfo#1/healtime	0.583333333	1.266
changed	units/cremech.fbi	weapon1#1/aimtolerance	1000	1024
changed	units/cremech.fbi	weapon1#1/damage#1/default	248	218
changed	units/cremech.fbi	weapon1#1/damage#1/mechanical	<absent>	1.25
changed	units/cremech.fbi	weapon1#1/range	410	220
changed	units/cremech.fbi	weapon2#1/damage#1/default	1	450
changed	units/cremech.fbi	weapon2#1/damage#1/factory	<absent>	0.25
changed	units/cremech.fbi	weapon2#1/damage#1/fort	<absent>	0.25
changed	units/cremech.fbi	weapon2#1/range	410	280
changed	units/crenavy.fbi	unitinfo#1/buildcost	1872	2272
changed	units/crenavy.fbi	unitinfo#1/buildtime	585	455
changed	units/crenavy.fbi	unitinfo#1/experiencepoints	135	150
changed	units/crenavy.fbi	unitinfo#1/healtime	1.21875	1.898
changed	units/crenavy.fbi	unitinfo#1/maxdamage	15158	18158
changed	units/crepris.fbi	unitinfo#1/buildcost	8565	8765
changed	units/crepris.fbi	unitinfo#1/buildtime	1500	700
changed	units/crepris.fbi	unitinfo#1/damagecategory	fort	mechanical
changed	units/crepris.fbi	unitinfo#1/experiencepoints	52	55
changed	units/crepris.fbi	unitinfo#1/healtime	3.12	1.45
changed	units/crepris.fbi	unitinfo#1/maxdamage	2830	3830
changed	units/crepris.fbi	weapon1#1/damage#1/monarch	<absent>	0.25
changed	units/crepris.fbi	weapon1#1/range	1478	1200
changed	units/crepris.fbi	weapon1#1/reloadtime	4.5	3.0
changed	units/cresage.fbi	unitinfo#1/buildtime	10	100000
changed	units/cresage.fbi	unitinfo#1/experiencepoints	135	350
changed	units/cresage.fbi	unitinfo#1/healtime	0.041666667	216.67
changed	units/cresage.fbi	unitinfo#1/manarechargerate	20	15
changed	units/cresage.fbi	unitinfo#1/maxdamage	15750	15000
changed	units/cresage.fbi	weapon1#1/damage#1/default	610	1010
changed	units/cresage.fbi	weapon1#1/reloadtime	3.0	2.0
changed	units/cresage.fbi	weapon2#1/minrange	<absent>	150
changed	units/cresage.fbi	weapon2#1/range	1200	750
changed	units/cresage.fbi	weapon2#1/reloadtime	2.0	4.5
changed	units/cresage.fbi	weapon3#1/damage#1/factory	<absent>	0.25
changed	units/cresage.fbi	weapon3#1/damage#1/fort	<absent>	0.25
changed	units/cresage.fbi	weapon3#1/damage#1/monarch	<absent>	0.25
changed	units/creshoc.fbi	explodeas#1/damage#1/default	200	500
changed	units/creshoc.fbi	unitinfo#1/buildcost	982	999
changed	units/creshoc.fbi	unitinfo#1/maxvelocity	0.85	1.1
changed	units/creshoc.fbi	weapon1#1/damage#1/default	752	452
changed	units/creshoc.fbi	weapon1#1/damage#1/mechanical	<absent>	1.25
changed	units/creshoc.fbi	weapon1#1/emittime	100	50
changed	units/cresmit.fbi	unitinfo#1/experiencepoints	90	100
changed	units/crester.fbi	unitinfo#1/buildcost	3419	3119
changed	units/crester.fbi	unitinfo#1/buildtime	338	190
changed	units/crester.fbi	unitinfo#1/experiencepoints	29	35
changed	units/crester.fbi	unitinfo#1/healtime	1.4083	1.263
changed	units/crester.fbi	unitinfo#1/maxdamage	8105	8405
changed	units/crester.fbi	unitinfo#1/maxvelocity	2.0	2.3
changed	units/crester.fbi	weapon1#1/areaofeffect	<absent>	45
changed	units/crester.fbi	weapon1#1/damage#1/default	1293	750
changed	units/crester.fbi	weapon1#1/range	550	500
changed	units/cresubm.fbi	unitinfo#1/maxvelocity	1.25	1.9
changed	units/cresubm.fbi	weapon1#1/damage#1/default	635	835
changed	units/cresubm.fbi	weapon1#1/minrange	<absent>	180
changed	units/cresubm.fbi	weapon1#1/range	750	800
changed	units/cretort.fbi	unitinfo#1/buildcost	780	999
changed	units/cretort.fbi	unitinfo#1/buildtime	185	315
changed	units/cretort.fbi	unitinfo#1/damagecategory	Human	mechanical
changed	units/cretort.fbi	unitinfo#1/healtime	0.77083	1.05
changed	units/cretort.fbi	weapon1#1/minrange	64	65
changed	units/cretort.fbi	weapon1#1/range	805	600
changed	units/crewall.fbi	unitinfo#1/buildcost	74	85
changed	units/crewall.fbi	unitinfo#1/buildtime	65	50
changed	units/crewall.fbi	unitinfo#1/healtime	0.4167	0
changed	units/crewall.fbi	unitinfo#1/maxdamage	4000	3000
changed	units/crewall.fbi	unitinfo#1/sightdistance	45	90
changed	units/lifdeer.fbi	unitinfo#1/frozen	lifdeer_frozen	lifdeer2_frozen
changed	units/lifdeer.fbi	unitinfo#1/watermultiplier	0.81	<absent>
changed	units/lifdeer.fbi	unitinfo#1/watermultipliser	<absent>	0.81
changed	units/lifdeer2.fbi	unitinfo#1/watermultiplier	0.81	<absent>
changed	units/lifdeer2.fbi	unitinfo#1/watermultipliser	<absent>	0.81
changed	units/lifsaber.fbi	weapon1#1/range	300	250
changed	units/lifwolf.fbi	weapon1#1/range	300	250
changed	units/monboar.fbi	weapon1#1/range	300	250
changed	units/mondev.fbi	weapon1#1/range	300	30
changed	units/monghoul.fbi	unitinfo#1/buildtime	300	100
changed	units/monghoul.fbi	unitinfo#1/damagecategory	<absent>	undead
changed	units/monghoul.fbi	unitinfo#1/experiencepoints	7	20
changed	units/monghoul.fbi	unitinfo#1/healtime	1.25	0.5
changed	units/monghoul.fbi	unitinfo#1/maxdamage	3000	5900
changed	units/monghoul.fbi	weapon1#1/damage#1/default	284	1061
changed	units/monghoul.fbi	weapon1#1/range	300	50
changed	units/monpiran.fbi	weapon1#1/range	300	100
changed	units/npcbeg2.fbi	weapon1#1/range	300	30
changed	units/npcemen.fbi	weapon1#1/range	300	30
changed	units/npcfarm2.fbi	weapon1#1/range	300	30
changed	units/npchunt.fbi	weapon1#1/range	300	30
changed	units/npcleim.fbi	weapon1#1/range	300	30
changed	units/npcpeas2.fbi	weapon1#1/range	300	30
changed	units/npcpow2.fbi	unitinfo#1/healtime	0.8167	0.816666667
changed	units/npcpow2.fbi	weapon1#1/range	300	80
changed	units/npcsail.fbi	weapon1#1/range	300	10
changed	units/npctribe.fbi	weapon1#1/range	300	25
changed	units/npcwagon.fbi	unitinfo#1/healtime	0	0.465625
changed	units/tarang.fbi	unitinfo#1/buildcost	31604	16604
changed	units/tarang.fbi	unitinfo#1/buildtime	9858	2858
changed	units/tarang.fbi	unitinfo#1/cruisealt	50	100
changed	units/tarang.fbi	unitinfo#1/healtime	41.075	6.35
changed	units/tarang.fbi	unitinfo#1/manarechargerate	8	10
changed	units/tarang.fbi	unitinfo#1/maneuverleashlength	100	8
changed	units/tarang.fbi	unitinfo#1/radardistance	1280	666
changed	units/tarang.fbi	unitinfo#1/sightdistance	125	200
changed	units/tarang.fbi	weapon1#1/damage#1/default	9000	3500
changed	units/tarang.fbi	weapon1#1/damage#1/human	1.0	<absent>
changed	units/tarang.fbi	weapon1#1/damage#1/mechanical	<absent>	0
changed	units/tarang.fbi	weapon1#1/damage#1/monster	1.0	<absent>
changed	units/tarang.fbi	weapon1#1/damage#1/siege	1.0	<absent>
changed	units/tarang.fbi	weapon1#1/damage#1/undead	1.0	0
presentation	units/tarang.fbi	weapon1#1/name	<presentation text omitted>	<presentation text omitted>
changed	units/tarang.fbi	weapon2#1/damage#1/default	6000	987
changed	units/tarang.fbi	weapon2#1/damage#1/fort	0.5	<absent>
changed	units/tarang.fbi	weapon2#1/damage#1/monarch	0.5	<absent>
changed	units/tarang.fbi	weapon2#1/manapershot	1000	200
changed	units/tarang.fbi	weapon2#1/range	1500	600
changed	units/tarang.fbi	weapon2#1/reloadtime	1.0	2.0
changed	units/tarang.fbi	weapon3#1/damage#1/default	1080	500
changed	units/tarang.fbi	weapon3#1/damage#1/fort	0.5	<absent>
changed	units/tarang.fbi	weapon3#1/damage#1/monarch	0.5	<absent>
changed	units/tarang.fbi	weapon3#1/reloadtime	10.0	5.0
changed	units/tararch.fbi	unitinfo#1/maxvelocity	1.2	1.4
changed	units/tararch.fbi	weapon1#1/model	araarrow	araarrow2
changed	units/tarbeak.fbi	unitinfo#1/buildcost	1863	1563
changed	units/tarbeak.fbi	unitinfo#1/buildtime	352	302
changed	units/tarbeak.fbi	unitinfo#1/healtime	0.977777778	1.159087564
changed	units/tarbeak.fbi	unitinfo#1/stone	<absent>	tarbeak_stone
changed	units/tarblack.fbi	unitinfo#1/damagecategory	Human	Tier1
changed	units/tarblack.fbi	unitinfo#1/maxdamage	1700	2100
changed	units/tarblack.fbi	weapon1#1/damage#1/default	189	289
changed	units/tarblack.fbi	weapon1#1/damage#1/factory	<absent>	0.25
changed	units/tarblack.fbi	weapon1#1/damage#1/fort	<absent>	0.25
changed	units/tarblack.fbi	weapon1#1/damage#1/mechanical	<absent>	0.5
changed	units/tarblack.fbi	weapon1#1/damage#1/naval	<absent>	0.5
changed	units/tarblack.fbi	weapon1#1/damage#1/stalwart	<absent>	0.25
changed	units/tarblack.fbi	weapon1#1/damage#1/tier1	<absent>	1.25
changed	units/tarcage.fbi	unitinfo#1/cantbecaptured	<absent>	1
changed	units/tarcage.fbi	unitinfo#1/maxdamage	4608	5100
changed	units/tarcage.fbi	weapon1#1/damage#1/default	245	295
changed	units/tarcage.fbi	weapon1#1/damage#1/tier1	<absent>	3.0
changed	units/tarcage.fbi	weapon1#1/range	490	450
changed	units/tarcan.fbi	unitinfo#1/buildcost	3398	2898
changed	units/tarcan.fbi	unitinfo#1/buildtime	428	378
changed	units/tarcan.fbi	unitinfo#1/movementclass	HOVER3	HOVER2
changed	units/tarcan.fbi	weapon1#1/range	550	500
changed	units/tarcastl.fbi	unitinfo#1/cantbecaptured	<absent>	1
changed	units/tardemon.fbi	unitinfo#1/buildcost	1644	1444
changed	units/tardemon.fbi	unitinfo#1/maxdamage	6500	7500
changed	units/tardemon.fbi	weapon1#1/damage#1/tier1	<absent>	2.0
changed	units/tardemon.fbi	weapon1#1/range	300	100
changed	units/tardrag.fbi	unitinfo#1/buildcost	44587	29666
changed	units/tardrag.fbi	weapon2#1/areaofeffect	60	100
changed	units/tardrag.fbi	weapon2#1/damage#1/default	796	1296
changed	units/tardrag.fbi	weapon3#1/manapershot	900	1300
changed	units/tardung.fbi	unitinfo#1/cantbecaptured	<absent>	1
changed	units/tarfire.fbi	unitinfo#1/buildcost	1189	1889
changed	units/tarfire.fbi	unitinfo#1/buildtime	204	264
changed	units/tarfire.fbi	unitinfo#1/healtime	0.85	1.1
changed	units/targod.fbi	unitinfo#1/acceleration	.5	10
changed	units/targod.fbi	unitinfo#1/bloodcolor1	60 35 0	<absent>
changed	units/targod.fbi	unitinfo#1/bloodcolor2	70 40 0	<absent>
changed	units/targod.fbi	unitinfo#1/bloodcolor3	80 30 5	<absent>
changed	units/targod.fbi	unitinfo#1/brakerate	.3	10
changed	units/targod.fbi	unitinfo#1/buildcost	360000	100000
changed	units/targod.fbi	unitinfo#1/buildtime	36000	30000
changed	units/targod.fbi	unitinfo#1/damagecategory	god	God
changed	units/targod.fbi	unitinfo#1/experiencepoints	1000	989
changed	units/targod.fbi	unitinfo#1/healtime	600	50
changed	units/targod.fbi	unitinfo#1/maneuverleashlength	2000	500
changed	units/targod.fbi	unitinfo#1/radardistance	25000	2000
changed	units/targod.fbi	unitinfo#1/roadmultiplier	1.0	<absent>
changed	units/targod.fbi	unitinfo#1/sightdistance	2500	294
changed	units/targod.fbi	unitinfo#1/turninplacerate	2100	2500
changed	units/targod.fbi	unitinfo#1/turnrate	800	2500
changed	units/targod.fbi	unitinfo#1/waterline	50	1
changed	units/targod.fbi	unitinfo#1/watermultiplier	1.0	<absent>
changed	units/targod.fbi	weapon1#1/aimtolerance	8000	<absent>
changed	units/targod.fbi	weapon1#1/areaofeffect	140	100
changed	units/targod.fbi	weapon1#1/damage#1/default	15000	5500
changed	units/targod.fbi	weapon1#1/edgeeffectiveness	1.0	0.7
changed	units/targod.fbi	weapon1#1/range	1000	40
changed	units/targod.fbi	weapon2#1/aimtolerance	33000	1024
changed	units/targod.fbi	weapon2#1/areaofeffect	180	30
changed	units/targod.fbi	weapon2#1/damage#1/default	12500	2321
changed	units/targod.fbi	weapon2#1/decaytime	1.5	1
changed	units/targod.fbi	weapon2#1/duration	8	9
changed	units/targod.fbi	weapon2#1/edgeeffectiveness	.8	<absent>
changed	units/targod.fbi	weapon2#1/maxvariation	8	5
changed	units/targod.fbi	weapon2#1/range	500	200
changed	units/targod.fbi	weapon2#1/reloadtime	1.0	1.5
changed	units/targod.fbi	weapon2#1/soundhit	creflamehit5	arrow08
changed	units/targod.fbi	weapon2#1/weaponvelocity	80	45
changed	units/tarhand.fbi	unitinfo#1/buildcost	3693	2693
changed	units/tarhand.fbi	unitinfo#1/builddistance	420	400
changed	units/tarhand.fbi	unitinfo#1/buildtime	525	325
changed	units/tarhand.fbi	unitinfo#1/maxdamage	7544	4544
changed	units/tarhand.fbi	unitinfo#1/sightdistance	101	131
changed	units/tarhand.fbi	unitinfo#1/workertime	10	30
changed	units/tarhand.fbi	weapon1#1/range	300	150
changed	units/tarhand.fbi	weapon1#1/reloadtime	2.0	1.5
changed	units/tarhell.fbi	unitinfo#1/cantbecaptured	<absent>	1
changed	units/tarkam.fbi	explodeas#1/areaofeffect	203	250
changed	units/tarkam.fbi	unitinfo#1/buildcost	1682	1482
changed	units/tarkam.fbi	unitinfo#1/buildtime	348	318
changed	units/tarknigh.fbi	unitinfo#1/maxdamage	4400	4012
changed	units/tarknigh.fbi	unitinfo#1/maxvelocity	4.5	3.5
changed	units/tarlich.fbi	unitinfo#1/maxvelocity	1	1.3
changed	units/tarlich.fbi	weapon1#1/damage#1/mechanical	<absent>	1.25
changed	units/tarlode.fbi	unitinfo#1/cantbecaptured	<absent>	1
changed	units/tarmage.fbi	unitinfo#1/maxdamage	3500	4500
changed	units/tarmage.fbi	unitinfo#1/movementclass	GROUND4	GROUND5
changed	units/tarmage.fbi	weapon1#1/damage#1/default	469	569
changed	units/tarmage.fbi	weapon1#1/range	200	250
changed	units/tarmage.fbi	weapon3#1/damage#1/default	300	350
changed	units/tarmage.fbi	weapon3#1/range	447	450
changed	units/tarmana.fbi	unitinfo#1/buildcost	7399	3299
changed	units/tarmana.fbi	unitinfo#1/buildtime	1055	525
changed	units/tarmana.fbi	unitinfo#1/cantbecaptured	<absent>	1
changed	units/tarmana.fbi	unitinfo#1/experiencepoints	13	30
changed	units/tarmana.fbi	unitinfo#1/healtime	3.19696969	2.175
changed	units/tarmind.fbi	unitinfo#1/movementclass	GROUND4	GROUND5
changed	units/tarmind.fbi	weapon1#1/damage#1/dragon	0	<absent>
changed	units/tarmind.fbi	weapon1#1/damage#1/factory	0	<absent>
changed	units/tarmind.fbi	weapon1#1/damage#1/fort	0	<absent>
changed	units/tarmind.fbi	weapon1#1/damage#1/god	0	<absent>
changed	units/tarmind.fbi	weapon1#1/damage#1/lodestone	0	<absent>
changed	units/tarmind.fbi	weapon1#1/damage#1/monarch	0	<absent>
changed	units/tarmind.fbi	weapon1#1/damage#1/naval	0	<absent>
changed	units/tarmind.fbi	weapon2#1/damage#1/dragon	0	<absent>
changed	units/tarmind.fbi	weapon2#1/damage#1/factory	0	<absent>
changed	units/tarmind.fbi	weapon2#1/damage#1/fort	0	<absent>
changed	units/tarmind.fbi	weapon2#1/damage#1/god	0	<absent>
changed	units/tarmind.fbi	weapon2#1/damage#1/lodestone	0	<absent>
changed	units/tarmind.fbi	weapon2#1/damage#1/monarch	0	<absent>
changed	units/tarmind.fbi	weapon2#1/damage#1/naval	0	<absent>
changed	units/tarnecro.fbi	unitinfo#1/buildcost	10	100000
changed	units/tarnecro.fbi	unitinfo#1/buildtime	22500	100000
changed	units/tarnecro.fbi	unitinfo#1/experiencepoints	151	350
changed	units/tarnecro.fbi	unitinfo#1/healtime	93.75	216.67
changed	units/tarnecro.fbi	weapon1#1/damage#1/default	790	990
changed	units/tarnecro.fbi	weapon2#1/damage#1/default	1020	1220
changed	units/tarnecro.fbi	weapon2#1/damage#1/dragon	<absent>	2.0
changed	units/tarnecro.fbi	weapon2#1/manapershot	200	250
changed	units/tarnecro.fbi	weapon3#1/damage#1/factory	<absent>	0.25
changed	units/tarnecro.fbi	weapon3#1/damage#1/fort	<absent>	0.25
changed	units/tarnecro.fbi	weapon3#1/damage#1/monarch	<absent>	0.25
changed	units/tarngate.fbi	unitinfo#1/cantbecaptured	<absent>	1
changed	units/tarngate.fbi	unitinfo#1/radardistance	<absent>	500
changed	units/tarpries.fbi	unitinfo#1/buildcost	6552	4952
changed	units/tarpries.fbi	unitinfo#1/buildtime	1282	792
changed	units/tarpries.fbi	unitinfo#1/experiencepoints	27	50
changed	units/tarpries.fbi	unitinfo#1/healtime	5.34167	3.3
changed	units/tarpries.fbi	unitinfo#1/maxdamage	4000	3000
changed	units/tarpries.fbi	unitinfo#1/mogriumincome	1	5
changed	units/tarpries.fbi	weapon1#1/damage#1/mechanical	<absent>	1.25
changed	units/tarpries.fbi	weapon1#1/emittime	45	15
changed	units/tarpries.fbi	weapon2#1/damage#1/mechanical	<absent>	1.25
changed	units/tarpries.fbi	weapon3#1/areaofeffect	80	100
changed	units/tarsh.fbi	unitinfo#1/cantbecaptured	<absent>	1
changed	units/tarsh.fbi	unitinfo#1/experiencepoints	55	65
changed	units/tarsh.fbi	unitinfo#1/maxdamage	17189	19189
changed	units/tarsh.fbi	weapon1#1/damage#1/default	1350	1450
changed	units/tarsh.fbi	weapon1#1/damage#1/mechanical	<absent>	1.25
changed	units/tarsh.fbi	weapon1#1/damage#1/tier1	<absent>	2.0
changed	units/tarsh.fbi	weapon1#1/emittime	25	10
changed	units/tarsh.fbi	weapon1#1/reloadtime	3.8	2.4
changed	units/tarship.fbi	unitinfo#1/radardistance	666	300
changed	units/tarship.fbi	unitinfo#1/sightdistance	200	260
changed	units/tarship.fbi	unitinfo#1/transportdistance	300	200
changed	units/tarship.fbi	weapon1#1/damage#1/default	311	211
changed	units/tarship.fbi	weapon1#1/damage#1/factory	<absent>	0.25
changed	units/tarship.fbi	weapon1#1/damage#1/fort	<absent>	0.25
changed	units/tarship.fbi	weapon1#1/damage#1/mechanical	<absent>	0.5
changed	units/tarship.fbi	weapon1#1/damage#1/stalwart	<absent>	0.25
changed	units/tarspout.fbi	unitinfo#1/manarechargerate	10	15
changed	units/tarspout.fbi	unitinfo#1/maxmana	1000	1500
changed	units/tarspout.fbi	weapon1#1/range	255	350
changed	units/tarspout.fbi	weapon1#1/reloadtime	3	2.3
changed	units/tartb.fbi	unitinfo#1/buildcost	615	515
changed	units/tartb.fbi	unitinfo#1/healtime	0.72916	1.166666666
changed	units/tartroop.fbi	unitinfo#1/buildcost	296	326
changed	units/tartroop.fbi	unitinfo#1/buildtime	105	119
changed	units/tartroop.fbi	unitinfo#1/damagecategory	Human	Tier1
changed	units/tartroop.fbi	unitinfo#1/experiencepoints	8	11
changed	units/tartroop.fbi	weapon1#1/damage#1/factory	<absent>	0.5
changed	units/tartroop.fbi	weapon1#1/damage#1/fort	<absent>	0.5
changed	units/tartroop.fbi	weapon1#1/damage#1/mechanical	<absent>	0.75
changed	units/tartroop.fbi	weapon1#1/damage#1/stalwart	<absent>	0.5
changed	units/tartroop.fbi	weapon1#1/damage#1/tier1	<absent>	1.1
presentation	units/tartroop.fbi	weapon1#1/name	<presentation text omitted>	<presentation text omitted>
changed	units/tartroop.fbi	weapon1#1/range	300	85
changed	units/tarwall.fbi	unitinfo#1/buildtime	95	50
changed	units/tarwall.fbi	unitinfo#1/healtime	0.1875	0
changed	units/tarwall.fbi	unitinfo#1/maxdamage	4000	3000
changed	units/tarwitch.fbi	weapon1#1/damage#1/default	50	150
changed	units/tarwitch.fbi	weapon2#1/damage#1/default	492	792
changed	units/tarwitch.fbi	weapon2#1/damage#1/mechanical	<absent>	1.25
changed	units/tarwitch.fbi	weapon2#1/range	225	425
changed	units/tarzom.fbi	unitinfo#1/buildtime	75	55
changed	units/tarzom.fbi	unitinfo#1/corpse	tarzom_dead	<absent>
changed	units/tarzom.fbi	unitinfo#1/experiencepoints	3	5
changed	units/tarzom.fbi	unitinfo#1/healtime	0.3125	0.15
changed	units/tarzom.fbi	unitinfo#1/maxdamage	1111	3111
changed	units/tarzom.fbi	unitinfo#1/maxvelocity	1	0.8
changed	units/tarzom.fbi	weapon1#1/damage#1/default	350	175
changed	units/tarzom.fbi	weapon1#1/damage#1/factory	<absent>	0.5
changed	units/tarzom.fbi	weapon1#1/damage#1/fort	<absent>	0.5
changed	units/tarzom.fbi	weapon1#1/damage#1/mechanical	<absent>	0.75
changed	units/tarzom.fbi	weapon1#1/damage#1/stalwart	<absent>	0.5
changed	units/tarzom.fbi	weapon1#1/range	300	50
changed	units/tarzom.fbi	weapon1#1/reloadtime	1.65	2.65
changed	units/verarch.fbi	unitinfo#1/damagecategory	Human	Tier1
changed	units/verarch.fbi	weapon1#1/damage#1/factory	<absent>	0.25
changed	units/verarch.fbi	weapon1#1/damage#1/fort	<absent>	0.25
changed	units/verarch.fbi	weapon1#1/damage#1/mechanical	<absent>	0.5
changed	units/verarch.fbi	weapon1#1/damage#1/naval	<absent>	0.5
changed	units/verarch.fbi	weapon1#1/damage#1/stalwart	<absent>	0.25
changed	units/verasy.fbi	unitinfo#1/buildcost	2340	2040
changed	units/verasy.fbi	unitinfo#1/buildtime	585	385
changed	units/verasy.fbi	unitinfo#1/cantbecaptured	<absent>	1
changed	units/verasy.fbi	unitinfo#1/experiencepoints	100	150
changed	units/verat.fbi	unitinfo#1/cantbecaptured	<absent>	1
changed	units/verat.fbi	unitinfo#1/maxdamage	4200	4700
changed	units/verat.fbi	weapon1#1/damage#1/factory	<absent>	0.25
changed	units/verat.fbi	weapon1#1/damage#1/fort	<absent>	0.25
changed	units/verat.fbi	weapon1#1/damage#1/mechanical	<absent>	0.5
changed	units/verat.fbi	weapon1#1/damage#1/naval	<absent>	0.5
changed	units/verat.fbi	weapon1#1/damage#1/stalwart	<absent>	0.25
changed	units/verat.fbi	weapon1#1/damage#1/tier1	<absent>	2.0
changed	units/verat.fbi	weapon2#1/damage#1/factory	<absent>	0.25
changed	units/verat.fbi	weapon2#1/damage#1/fort	<absent>	0.25
changed	units/verat.fbi	weapon2#1/damage#1/mechanical	<absent>	0.5
changed	units/verat.fbi	weapon2#1/damage#1/naval	<absent>	0.5
changed	units/verat.fbi	weapon2#1/damage#1/stalwart	<absent>	0.25
changed	units/verat.fbi	weapon2#1/damage#1/tier1	<absent>	2.0
changed	units/verbal.fbi	unitinfo#1/acceleration	.36	0.4
changed	units/verbal.fbi	unitinfo#1/experiencepoints	27	32
changed	units/verbal.fbi	unitinfo#1/healtime	.73125	1.412
changed	units/verbal.fbi	unitinfo#1/maxdamage	3689	2400
changed	units/verbal.fbi	unitinfo#1/maxvelocity	0.90	0.70
changed	units/verbal.fbi	unitinfo#1/movementclass	GROUND3	GROUND5
changed	units/verbal.fbi	weapon1#1/aimtolerance	1024	512
changed	units/verbal.fbi	weapon1#1/damage#1/default	1338	900
changed	units/verbal.fbi	weapon1#1/damage#1/factory	<absent>	0.5
changed	units/verbal.fbi	weapon1#1/damage#1/fort	<absent>	0.5
changed	units/verbal.fbi	weapon1#1/damage#1/mechanical	<absent>	0.75
changed	units/verbal.fbi	weapon1#1/damage#1/naval	<absent>	0.5
changed	units/verbal.fbi	weapon1#1/range	860	650
changed	units/verbal.fbi	weapon1#1/weaponvelocity	760	350
changed	units/verball.fbi	explodeas#1/damage#1/airship	6	4
changed	units/verball.fbi	unitinfo#1/experiencepoints	33	25
changed	units/verball.fbi	weapon2#1/damage#1/factory	<absent>	0.25
changed	units/verball.fbi	weapon2#1/damage#1/fort	<absent>	0.25
changed	units/verball.fbi	weapon2#1/damage#1/mechanical	<absent>	0.5
changed	units/verball.fbi	weapon2#1/damage#1/naval	<absent>	0.5
changed	units/verball.fbi	weapon2#1/damage#1/stalwart	<absent>	0.25
changed	units/verbers.fbi	unitinfo#1/buildcost	682	782
changed	units/verbers.fbi	unitinfo#1/buildtime	115	125
changed	units/verbers.fbi	unitinfo#1/healtime	0.479166667	0.5625
changed	units/verbers.fbi	unitinfo#1/sightdistance	90	110
changed	units/verbers.fbi	weapon1#1/damage#1/default	760	610
changed	units/verbers.fbi	weapon1#1/range	300	40
changed	units/vercastl.fbi	unitinfo#1/buildcost	8192	9192
changed	units/vercastl.fbi	unitinfo#1/cantbecaptured	<absent>	1
changed	units/vercastl.fbi	unitinfo#1/experiencepoints	200	300
changed	units/vercen.fbi	unitinfo#1/buildcost	713	2323
changed	units/vercen.fbi	unitinfo#1/buildtime	130	230
changed	units/vercen.fbi	unitinfo#1/damagecategory	Human	Monster
changed	units/vercen.fbi	unitinfo#1/experiencepoints	7	30
changed	units/vercen.fbi	unitinfo#1/healtime	0.54167	0.94
changed	units/vercen.fbi	unitinfo#1/maneuverleashlength	500	2500
changed	units/vercen.fbi	unitinfo#1/maxdamage	3050	5550
changed	units/vercen.fbi	unitinfo#1/maxvelocity	1.24	2.1
changed	units/vercen.fbi	weapon1#1/damage#1/default	278	678
changed	units/vercen.fbi	weapon1#1/explosionclass	<absent>	teeny explosion
changed	units/vercen.fbi	weapon1#1/firestarter	<absent>	1
changed	units/vercen.fbi	weapon1#1/model	araarrow	araarrow2
presentation	units/vercen.fbi	weapon1#1/name	<presentation text omitted>	<presentation text omitted>
changed	units/vercen.fbi	weapon1#1/range	605	450
changed	units/vercen.fbi	weapon1#1/reloadtime	2.5	3.5
changed	units/vercen.fbi	weapon1#1/type	Line Of Sight	Guided
changed	units/vercen.fbi	weapon1#1/weaponvelocity	580	680
changed	units/vercrus.fbi	unitinfo#1/cantbecaptured	<absent>	1
changed	units/vercrus.fbi	unitinfo#1/damagecategory	Human	stalwart
changed	units/vercrus.fbi	unitinfo#1/maxdamage	4325	4725
changed	units/vercrus.fbi	unitinfo#1/maxvelocity	1.5	1.3
changed	units/vercrus.fbi	unitinfo#1/sightdistance	79	150
changed	units/vercrus.fbi	weapon1#1/damage#1/default	615	715
changed	units/vercrus.fbi	weapon1#1/damage#1/tier1	<absent>	2.0
changed	units/vercrus.fbi	weapon1#1/damage#1/undead	<absent>	1.5
changed	units/vercrus.fbi	weapon1#1/range	300	80
changed	units/verdrag.fbi	unitinfo#1/buildcost	49287	34287
changed	units/verdrag.fbi	weapon2#1/areaofeffect	50	100
changed	units/verdrag.fbi	weapon2#1/damage#1/default	795	1295
changed	units/verdrag.fbi	weapon3#1/areaofeffect	180	220
changed	units/verdrag.fbi	weapon3#1/manapershot	900	1300
changed	units/verflag.fbi	unitinfo#1/builddistance	75	300
changed	units/verflag.fbi	weapon1#1/damage#1/factory	<absent>	0.25
changed	units/verflag.fbi	weapon1#1/damage#1/fort	<absent>	0.25
changed	units/verflag.fbi	weapon1#1/damage#1/mechanical	<absent>	0.5
changed	units/verflag.fbi	weapon1#1/damage#1/naval	<absent>	0.5
changed	units/verflag.fbi	weapon1#1/damage#1/stalwart	<absent>	0.25
changed	units/verfltwr.fbi	unitinfo#1/cantbecaptured	<absent>	1
changed	units/verfltwr.fbi	weapon1#1/aimtolerance	500	1024
changed	units/verfltwr.fbi	weapon1#1/areaofeffect	32	60
changed	units/verfltwr.fbi	weapon1#1/damage#1/default	1089	889
changed	units/verfltwr.fbi	weapon1#1/damage#1/tier1	<absent>	2.0
changed	units/verfltwr.fbi	weapon1#1/damagetype	<absent>	explosion
changed	units/verfltwr.fbi	weapon1#1/explosionclass	medium dust puff	small explosion
presentation	units/verfltwr.fbi	weapon1#1/name	<presentation text omitted>	<presentation text omitted>
changed	units/verfltwr.fbi	weapon1#1/range	710	500
changed	units/verfltwr.fbi	weapon1#1/reloadtime	3	2.8
changed	units/verfltwr.fbi	weapon1#1/soundhitclass	arrow	cannon
changed	units/vergod.fbi	unitinfo#1/acceleration	.5	15
changed	units/vergod.fbi	unitinfo#1/bloodcolor1	140 30 4	<absent>
changed	units/vergod.fbi	unitinfo#1/bloodcolor2	150 30 50	<absent>
changed	units/vergod.fbi	unitinfo#1/bloodcolor3	260 30 65	<absent>
changed	units/vergod.fbi	unitinfo#1/brakerate	.3	0.3
changed	units/vergod.fbi	unitinfo#1/buildcost	360000	100000
changed	units/vergod.fbi	unitinfo#1/buildtime	36000	30000
changed	units/vergod.fbi	unitinfo#1/damagecategory	god	God
changed	units/vergod.fbi	unitinfo#1/experiencepoints	1000	1005
changed	units/vergod.fbi	unitinfo#1/floater	<absent>	1
changed	units/vergod.fbi	unitinfo#1/healtime	600	50
changed	units/vergod.fbi	unitinfo#1/maneuverleashlength	2000	500
changed	units/vergod.fbi	unitinfo#1/maxdamage	29999	28987
changed	units/vergod.fbi	unitinfo#1/maxvelocity	1.9	1.5
changed	units/vergod.fbi	unitinfo#1/radardistance	25000	2000
changed	units/vergod.fbi	unitinfo#1/roadmultiplier	1.0	<absent>
changed	units/vergod.fbi	unitinfo#1/sightdistance	2500	292
changed	units/vergod.fbi	unitinfo#1/turninplacerate	1200	2500
changed	units/vergod.fbi	unitinfo#1/turnrate	450	2500
changed	units/vergod.fbi	weapon1#1/aimtolerance	8000	<absent>
changed	units/vergod.fbi	weapon1#1/areaofeffect	110	100
changed	units/vergod.fbi	weapon1#1/damage#1/default	13500	5600
changed	units/vergod.fbi	weapon1#1/edgeeffectiveness	0.8	0.7
changed	units/vergod.fbi	weapon1#1/range	1000	40
changed	units/vergod.fbi	weapon2#1/areaofeffect	180	30
changed	units/vergod.fbi	weapon2#1/builduptime	1.2	2.25
changed	units/vergod.fbi	weapon2#1/damage#1/default	15000	2200
changed	units/vergod.fbi	weapon2#1/decaytime	2.0	1
changed	units/vergod.fbi	weapon2#1/maxvariation	4	5
changed	units/vergod.fbi	weapon2#1/range	500	150
changed	units/vergod.fbi	weapon2#1/reloadtime	1.2	2
changed	units/vergod.fbi	weapon2#1/soundhit	crestormlaunch5	arrow08
changed	units/vergod.fbi	weapon2#1/variationtime	1.5	2
changed	units/verharp.fbi	unitinfo#1/experiencepoints	18	28
changed	units/verharp.fbi	unitinfo#1/transportcapacity	16	4
changed	units/verharp.fbi	unitinfo#1/transportsizecapacity	64	16
changed	units/verharp.fbi	weapon1#1/aimtolerance	1024	500
changed	units/verharp.fbi	weapon1#1/damage#1/default	1089	689
changed	units/verharp.fbi	weapon1#1/damage#1/factory	<absent>	0.25
changed	units/verharp.fbi	weapon1#1/damage#1/fort	<absent>	0.25
changed	units/verharp.fbi	weapon1#1/damage#1/mechanical	<absent>	0.5
changed	units/verharp.fbi	weapon1#1/damage#1/naval	<absent>	0.5
changed	units/verharp.fbi	weapon1#1/range	710	450
changed	units/verkeep.fbi	unitinfo#1/cantbecaptured	<absent>	1
changed	units/verknigh.fbi	unitinfo#1/maxdamage	2200	3433
changed	units/verknigh.fbi	weapon1#1/aimtolerance	120	512
changed	units/verknigh.fbi	weapon1#1/damage#1/factory	<absent>	0.25
changed	units/verknigh.fbi	weapon1#1/damage#1/fort	<absent>	0.25
changed	units/verknigh.fbi	weapon1#1/damage#1/mechanical	<absent>	0.5
changed	units/verknigh.fbi	weapon1#1/damage#1/naval	<absent>	0.5
changed	units/verknigh.fbi	weapon1#1/minrange	<absent>	100
changed	units/verknigh.fbi	weapon1#1/range	320	380
changed	units/verknigh.fbi	weapon1#1/reloadtime	1.2	1.5
changed	units/verliege.fbi	unitinfo#1/buildtime	145	175
changed	units/verliege.fbi	unitinfo#1/healtime	0.604166	1.166666666
changed	units/verlight.fbi	weapon1#1/damage#1/airship	0	<absent>
changed	units/verlight.fbi	weapon1#1/damage#1/default	125	1
changed	units/verlight.fbi	weapon1#1/damage#1/dragon	0	<absent>
changed	units/verlight.fbi	weapon1#1/damage#1/factory	0	<absent>
changed	units/verlight.fbi	weapon1#1/damage#1/fort	0	<absent>
changed	units/verlight.fbi	weapon1#1/damage#1/god	0	<absent>
changed	units/verlight.fbi	weapon1#1/damage#1/monarch	0	<absent>
changed	units/verlihr.fbi	unitinfo#1/buildcost	5292	4592
changed	units/verlihr.fbi	unitinfo#1/buildtime	911	711
changed	units/verlihr.fbi	unitinfo#1/experiencepoints	29	50
changed	units/verlihr.fbi	unitinfo#1/healtime	3.795833	2.9625
changed	units/verlihr.fbi	unitinfo#1/mogriumincome	1	5
changed	units/verlode.fbi	unitinfo#1/cantbecaptured	<absent>	1
changed	units/vermage.fbi	unitinfo#1/experiencepoints	151	350
changed	units/vermage.fbi	unitinfo#1/healtime	416.6666667	216.67
changed	units/vermage.fbi	unitinfo#1/manarechargerate	10	15
changed	units/vermage.fbi	unitinfo#1/maxdamage	14800	15800
changed	units/vermage.fbi	unitinfo#1/mogriumincome	10	15
changed	units/vermage.fbi	weapon1#1/damage#1/monarch	<absent>	0.25
changed	units/vermage.fbi	weapon2#1/damage#1/default	2001	2201
changed	units/vermage.fbi	weapon2#1/damage#1/dragon	<absent>	2.0
changed	units/vermage.fbi	weapon2#1/damage#1/monarch	0.5	<absent>
changed	units/vermage.fbi	weapon2#1/manapershot	200	250
changed	units/vermage.fbi	weapon3#1/damage#1/factory	<absent>	0.25
changed	units/vermage.fbi	weapon3#1/damage#1/fort	<absent>	0.25
changed	units/vermage.fbi	weapon3#1/damage#1/monarch	<absent>	0.25
changed	units/verman.fbi	unitinfo#1/experiencepoints	30	40
changed	units/verman.fbi	unitinfo#1/transportcapacity	20	8
changed	units/verman.fbi	unitinfo#1/transportsizecapacity	80	32
changed	units/verman.fbi	weapon1#1/range	800	550
changed	units/vermana.fbi	unitinfo#1/buildcost	7655	3655
changed	units/vermana.fbi	unitinfo#1/buildtime	1119	519
changed	units/vermana.fbi	unitinfo#1/cantbecaptured	<absent>	1
changed	units/vermana.fbi	unitinfo#1/experiencepoints	10	30
changed	units/vermana.fbi	unitinfo#1/healtime	3.390909	2.175
changed	units/vermer.fbi	unitinfo#1/buildcost	1103	535
changed	units/vermer.fbi	unitinfo#1/damagecategory	Human	Tier1
changed	units/vermer.fbi	weapon1#1/damage#1/default	810	460
changed	units/vermer.fbi	weapon1#1/damage#1/factory	<absent>	0.5
changed	units/vermer.fbi	weapon1#1/damage#1/fort	<absent>	0.5
changed	units/vermer.fbi	weapon1#1/damage#1/naval	<absent>	1.5
changed	units/vermer.fbi	weapon1#1/damage#1/stalwart	<absent>	0.5
changed	units/vermer.fbi	weapon1#1/range	300	50
changed	units/vermort.fbi	unitinfo#1/cantbecaptured	<absent>	1
changed	units/vermort.fbi	unitinfo#1/cantbestoned	<absent>	1
changed	units/vermort.fbi	weapon1#1/minrange	<absent>	180
changed	units/vermusk.fbi	unitinfo#1/experiencepoints	21	15
changed	units/verngate.fbi	unitinfo#1/cantbecaptured	<absent>	1
changed	units/verngate.fbi	unitinfo#1/radardistance	750	500
changed	units/verngate.fbi	unitinfo#1/sightdistance	210	300
changed	units/verpill.fbi	unitinfo#1/buildcost	3008	1308
changed	units/verpill.fbi	unitinfo#1/buildtime	1899	699
changed	units/verpill.fbi	unitinfo#1/cantbecaptured	<absent>	1
changed	units/verpill.fbi	unitinfo#1/experiencepoints	12	20
changed	units/verpill.fbi	unitinfo#1/healtime	3.165	1.525
changed	units/verpult.fbi	unitinfo#1/buildcost	667	1367
changed	units/verpult.fbi	unitinfo#1/buildtime	159	239
changed	units/verpult.fbi	unitinfo#1/experiencepoints	32	25
changed	units/verpult.fbi	unitinfo#1/healtime	0.6625	0.995833
changed	units/verpult.fbi	unitinfo#1/maxdamage	2289	1289
changed	units/verpult.fbi	unitinfo#1/movementclass	GROUND4	GROUND5
changed	units/verpult.fbi	weapon1#1/damage#1/default	1513	1013
changed	units/verpult.fbi	weapon1#1/damage#1/factory	<absent>	1.25
changed	units/verpult.fbi	weapon1#1/damage#1/fort	<absent>	1.25
changed	units/verpult.fbi	weapon1#1/minrange	<absent>	180
changed	units/verscout.fbi	unitinfo#1/adjustjoy#1/adjustment	<absent>	45
changed	units/verscout.fbi	unitinfo#1/adjustjoy#1/affectsenemy	<absent>	0
changed	units/verscout.fbi	unitinfo#1/adjustjoy#1/edgeeffectiveness	<absent>	1
changed	units/verscout.fbi	unitinfo#1/adjustjoy#1/radius	<absent>	150
changed	units/verscout.fbi	unitinfo#1/buildcost	384	884
changed	units/verscout.fbi	unitinfo#1/buildtime	225	205
changed	units/verscout.fbi	unitinfo#1/experiencepoints	12	22
changed	units/verscout.fbi	unitinfo#1/healtime	0.9375	1.3888
changed	units/verscout.fbi	unitinfo#1/maxdamage	2750	2250
presentation	units/verscout.fbi	unitinfo#1/name	<presentation text omitted>	<presentation text omitted>
changed	units/verscout.fbi	unitinfo#1/transportcapacity	4	1
changed	units/verscout.fbi	unitinfo#1/transportsizecapacity	16	4
changed	units/verscout.fbi	weapon1#1/damage#1/factory	<absent>	0.25
changed	units/verscout.fbi	weapon1#1/damage#1/fort	<absent>	0.25
changed	units/verscout.fbi	weapon1#1/damage#1/mechanical	<absent>	0.5
changed	units/verscout.fbi	weapon1#1/damage#1/naval	<absent>	0.5
changed	units/verscout.fbi	weapon1#1/damage#1/stalwart	<absent>	0.25
changed	units/verscout.fbi	weapon1#1/range	580	480
changed	units/verscout.fbi	weapon1#1/reloadtime	1.8	2.5
changed	units/versword.fbi	unitinfo#1/damagecategory	Human	Tier1
changed	units/versword.fbi	weapon1#1/damage#1/factory	<absent>	0.5
changed	units/versword.fbi	weapon1#1/damage#1/fort	<absent>	0.5
changed	units/versword.fbi	weapon1#1/damage#1/mechanical	<absent>	0.75
changed	units/versword.fbi	weapon1#1/damage#1/stalwart	<absent>	0.5
changed	units/versword.fbi	weapon1#1/range	300	30
changed	units/vertower.fbi	unitinfo#1/cantbecaptured	<absent>	1
changed	units/vertower.fbi	unitinfo#1/maxdamage	17975	19975
changed	units/vertower.fbi	weapon1#1/damage#1/tier1	<absent>	2.0
changed	units/vertower.fbi	weapon1#1/reloadtime	3.2	2.8
changed	units/vertrans.fbi	unitinfo#1/buildcost	2333	1133
changed	units/vertrans.fbi	weapon1#1/damage#1/default	282	243
changed	units/vertrans.fbi	weapon1#1/damage#1/factory	<absent>	0.25
changed	units/vertrans.fbi	weapon1#1/damage#1/fort	<absent>	0.25
changed	units/vertrans.fbi	weapon1#1/damage#1/mechanical	<absent>	0.5
changed	units/vertrans.fbi	weapon1#1/damage#1/naval	<absent>	0.5
changed	units/vertrans.fbi	weapon1#1/damage#1/stalwart	<absent>	0.25
changed	units/vertrans.fbi	weapon1#1/range	580	450
changed	units/vertrans.fbi	weapon1#1/reloadtime	1.8	2.4
changed	units/vertre.fbi	unitinfo#1/buildcost	5843	7843
changed	units/vertre.fbi	unitinfo#1/buildtime	374	574
changed	units/vertre.fbi	unitinfo#1/experiencepoints	41	51
changed	units/vertre.fbi	unitinfo#1/healtime	1.558333333	2.39166667
changed	units/vertre.fbi	weapon1#1/minrange	<absent>	500
changed	units/vertre.fbi	weapon1#1/range	2537	2037
changed	units/vertre.fbi	weapon1#1/reloadtime	5	7
changed	units/verwall.fbi	unitinfo#1/buildtime	45	50
changed	units/verwall.fbi	unitinfo#1/healtime	0.1875	0
changed	units/verwall.fbi	unitinfo#1/maxdamage	4000	3000
changed	units/zonamoe.fbi	explodeas#1/areaofeffect	<absent>	100
changed	units/zonamoe.fbi	explodeas#1/damage#1/default	<absent>	10000
changed	units/zonamoe.fbi	explodeas#1/damage#1/monarch	<absent>	0.2
changed	units/zonamoe.fbi	explodeas#1/damagetype	<absent>	explosion
changed	units/zonamoe.fbi	explodeas#1/edgeeffectiveness	<absent>	0.25
changed	units/zonamoe.fbi	explodeas#1/explosionclass	<absent>	large explosion
presentation	units/zonamoe.fbi	explodeas#1/name	<absent>	<presentation text omitted>
changed	units/zonamoe.fbi	explodeas#1/type	<absent>	Ballistic
changed	units/zonamoe.fbi	explodeas#1/waterexplosionclass	<absent>	large water explosion
changed	units/zonamoe.fbi	explodeas#1/weaponvelocity	<absent>	1000
changed	units/zonamoe.fbi	unitinfo#1/buildcost	1784	1984
changed	units/zonamoe.fbi	unitinfo#1/buildtime	240	275
changed	units/zonamoe.fbi	unitinfo#1/experiencepoints	18	28
changed	units/zonamoe.fbi	unitinfo#1/healtime	1.0	1.145
changed	units/zonamoe.fbi	unitinfo#1/maxdamage	5900	7900
changed	units/zonamoe.fbi	unitinfo#1/maxvelocity	0.7	0.8
changed	units/zonamoe.fbi	unitinfo#1/movementclass	GROUND3	GROUND5
changed	units/zonamoe.fbi	unitinfo#1/roadmultiplier	1.21	1.0
changed	units/zonamoe.fbi	unitinfo#1/watermultiplier	0.81	1.0
changed	units/zonamoe.fbi	weapon1#1/damage#1/airship	<absent>	0.04
changed	units/zonamoe.fbi	weapon1#1/damage#1/default	10000	25000
changed	units/zonamoe.fbi	weapon1#1/damage#1/dragon	0.06	0.04
changed	units/zonamoe.fbi	weapon1#1/damage#1/factory	0.06	0.08
changed	units/zonamoe.fbi	weapon1#1/damage#1/fort	0.06	0.08
changed	units/zonamoe.fbi	weapon1#1/damage#1/god	0.06	0.04
changed	units/zonamoe.fbi	weapon1#1/damage#1/human	0.06	0.04
changed	units/zonamoe.fbi	weapon1#1/damage#1/mechanical	<absent>	0.04
changed	units/zonamoe.fbi	weapon1#1/damage#1/monarch	0.06	0.04
changed	units/zonamoe.fbi	weapon1#1/damage#1/monster	0.06	0.04
changed	units/zonamoe.fbi	weapon1#1/damage#1/naval	0.06	0.04
changed	units/zonamoe.fbi	weapon1#1/damage#1/siege	<absent>	0.08
changed	units/zonamoe.fbi	weapon1#1/damage#1/stalwart	<absent>	0.04
changed	units/zonamoe.fbi	weapon1#1/damage#1/tier1	<absent>	0.04
changed	units/zonamoe.fbi	weapon1#1/range	504	45
changed	units/zonamoe.fbi	weapon1#1/reloadtime	2.0	2.5
changed	units/zonbar.fbi	unitinfo#1/buildcost	5768	2268
changed	units/zonbar.fbi	unitinfo#1/buildtime	545	175
changed	units/zonbar.fbi	unitinfo#1/experiencepoints	58	27
changed	units/zonbar.fbi	unitinfo#1/healtime	2.27083	1.31
changed	units/zonbar.fbi	unitinfo#1/maxdamage	11101	4500
changed	units/zonbar.fbi	unitinfo#1/maxvelocity	3.2	5.0
changed	units/zonbar.fbi	weapon1#1/range	985	45
changed	units/zonbasil.fbi	unitinfo#1/damagecategory	Monster	stalwart
changed	units/zonbasil.fbi	unitinfo#1/experiencepoints	14	20
changed	units/zonbasil.fbi	unitinfo#1/maxdamage	900	1900
changed	units/zonbasil.fbi	unitinfo#1/movementclass	GROUND4	GROUND5
changed	units/zonbasil.fbi	unitinfo#1/turninplacerate	400	600
changed	units/zonbasil.fbi	unitinfo#1/turnrate	300	450
changed	units/zondrag.fbi	unitinfo#1/buildcost	47114	32114
changed	units/zondrag.fbi	weapon2#1/areaofeffect	60	100
changed	units/zondrag.fbi	weapon2#1/damage#1/default	774	1274
changed	units/zondrag.fbi	weapon3#1/manapershot	900	1300
changed	units/zondrake.fbi	unitinfo#1/buildcost	3004	2504
changed	units/zondrake.fbi	unitinfo#1/buildtime	379	301
changed	units/zondrake.fbi	unitinfo#1/healtime	1.052777778	0.836111111
changed	units/zondrake.fbi	unitinfo#1/maxdamage	2786	2516
changed	units/zondrake.fbi	unitinfo#1/maxvelocity	3.5	4.5
changed	units/zondrake.fbi	weapon1#1/reloadtime	4.5	3.25
changed	units/zonfire.fbi	unitinfo#1/onoffable	1	<absent>
changed	units/zonflies.fbi	unitinfo#1/cruisealt	150	50
changed	units/zonflies.fbi	unitinfo#1/firestandorder	<absent>	0
changed	units/zonflies.fbi	unitinfo#1/hoverattackaltitude	150	45
changed	units/zonflies.fbi	weapon1#1/aimtolerance	1024	<absent>
changed	units/zonflies.fbi	weapon1#1/damage#1/default	416	520
changed	units/zonflies.fbi	weapon1#1/damage#1/mechanical	<absent>	1.25
changed	units/zonflies.fbi	weapon1#1/reloadtime	3.0	3
changed	units/zongiant.fbi	unitinfo#1/buildcost	2951	3951
changed	units/zongiant.fbi	unitinfo#1/buildtime	425	525
changed	units/zongiant.fbi	unitinfo#1/damagecategory	monster	stalwart
changed	units/zongiant.fbi	unitinfo#1/maxdamage	10310	7310
changed	units/zongiant.fbi	unitinfo#1/movementclass	GROUND4	GROUND5
changed	units/zongiant.fbi	unitinfo#1/sightdistance	230	250
changed	units/zongiant.fbi	weapon1#1/aimtolerance	1024	512
changed	units/zongiant.fbi	weapon1#1/damage#1/dragon	0.3	<absent>
changed	units/zonglyph.fbi	unitinfo#1/buildcost	5582	3082
changed	units/zonglyph.fbi	unitinfo#1/buildtime	610	310
changed	units/zonglyph.fbi	unitinfo#1/cantbecaptured	<absent>	1
changed	units/zonglyph.fbi	unitinfo#1/experiencepoints	39	40
changed	units/zonglyph.fbi	unitinfo#1/healtime	1.270833333	0.650
changed	units/zonglyph.fbi	unitinfo#1/maxdamage	13432	6430
changed	units/zonglyph.fbi	weapon1#1/damage#1/default	492	525
changed	units/zonglyph.fbi	weapon1#1/damage#1/mechanical	<absent>	1.25
changed	units/zonglyph.fbi	weapon1#1/damage#1/tier1	<absent>	2.0
changed	units/zonglyph.fbi	weapon1#1/emittime	<absent>	5
changed	units/zonglyph.fbi	weapon1#1/range	607	550
changed	units/zongob.fbi	unitinfo#1/buildcost	173	183
changed	units/zongob.fbi	unitinfo#1/buildtime	78	108
changed	units/zongob.fbi	unitinfo#1/damagecategory	Monster	Tier1
changed	units/zongob.fbi	weapon1#1/damage#1/factory	<absent>	3.0
changed	units/zongob.fbi	weapon1#1/damage#1/fort	<absent>	3.0
changed	units/zongob.fbi	weapon1#1/damage#1/mechanical	<absent>	2.0
changed	units/zongob.fbi	weapon1#1/damage#1/siege	<absent>	3.0
changed	units/zongod.fbi	unitinfo#1/bloodcolor1	55 135 50	<absent>
changed	units/zongod.fbi	unitinfo#1/bloodcolor2	50 130 40	<absent>
changed	units/zongod.fbi	unitinfo#1/bloodcolor3	45 125 30	<absent>
changed	units/zongod.fbi	unitinfo#1/buildcost	360000	100000
changed	units/zongod.fbi	unitinfo#1/buildtime	36000	30000
changed	units/zongod.fbi	unitinfo#1/experiencepoints	1000	999
changed	units/zongod.fbi	unitinfo#1/healtime	600	50
changed	units/zongod.fbi	unitinfo#1/maneuverleashlength	2000	500
changed	units/zongod.fbi	unitinfo#1/maxdamage	25000	23500
changed	units/zongod.fbi	unitinfo#1/radardistance	25000	2000
changed	units/zongod.fbi	unitinfo#1/sightdistance	2000	290
changed	units/zongod.fbi	weapon1#1/aimtolerance	33000	1024
changed	units/zongod.fbi	weapon1#1/areaofeffect	240	30
changed	units/zongod.fbi	weapon1#1/builduptime	2.0	2.25
changed	units/zongod.fbi	weapon1#1/damage#1/default	7000	2400
changed	units/zongod.fbi	weapon1#1/decaytime	2.0	1
changed	units/zongod.fbi	weapon1#1/duration	6	9
changed	units/zongod.fbi	weapon1#1/edgeeffectiveness	.3	<absent>
changed	units/zongod.fbi	weapon1#1/maxvariation	2	5
changed	units/zongod.fbi	weapon1#1/range	500	200
changed	units/zongod.fbi	weapon1#1/reloadtime	1.5	1
changed	units/zongod.fbi	weapon1#1/variationtime	.5	2
changed	units/zongryp.fbi	unitinfo#1/buildcost	859	1359
changed	units/zongryp.fbi	unitinfo#1/buildtime	169	199
changed	units/zongryp.fbi	unitinfo#1/healtime	0.469444444	0.552777777
changed	units/zongryp.fbi	unitinfo#1/maxdamage	1911	1721
changed	units/zongryp.fbi	weapon1#1/damage#1/default	340	350
changed	units/zongryp.fbi	weapon1#1/damage#1/fort	<absent>	1.1
changed	units/zongryp.fbi	weapon1#1/explosionclass	small dust puff	teeny explosion
changed	units/zongryp.fbi	weapon1#1/firestarter	<absent>	1
changed	units/zongryp.fbi	weapon1#1/model	zonterspear	araarrow2
presentation	units/zongryp.fbi	weapon1#1/name	<presentation text omitted>	<presentation text omitted>
changed	units/zonhand.fbi	unitinfo#1/damagecategory	monster	stalwart
changed	units/zonhand.fbi	unitinfo#1/experiencepoints	6	20
changed	units/zonhand.fbi	unitinfo#1/maxdamage	1401	3401
changed	units/zonhand.fbi	weapon1#1/damage#1/default	180	480
changed	units/zonharp.fbi	unitinfo#1/buildcost	2562	2762
changed	units/zonharp.fbi	unitinfo#1/damagecategory	<absent>	monster
changed	units/zonharp.fbi	unitinfo#1/damagetype	monster	<absent>
changed	units/zonharp.fbi	weapon1#1/damage#1/airship	0	<absent>
changed	units/zonharp.fbi	weapon1#1/damage#1/dragon	0	<absent>
changed	units/zonharp.fbi	weapon1#1/damage#1/factory	0	<absent>
changed	units/zonharp.fbi	weapon1#1/damage#1/fort	0	<absent>
changed	units/zonharp.fbi	weapon1#1/damage#1/god	0	<absent>
changed	units/zonharp.fbi	weapon1#1/damage#1/lodestone	0	<absent>
changed	units/zonharp.fbi	weapon1#1/damage#1/monarch	0	<absent>
changed	units/zonharp.fbi	weapon1#1/damage#1/naval	0	<absent>
changed	units/zonhunt.fbi	unitinfo#1/buildcost	10	100000
changed	units/zonhunt.fbi	unitinfo#1/buildtime	22500	100000
changed	units/zonhunt.fbi	unitinfo#1/experiencepoints	151	350
changed	units/zonhunt.fbi	unitinfo#1/healtime	93.75	216.67
changed	units/zonhunt.fbi	unitinfo#1/manarechargerate	20	15
changed	units/zonhunt.fbi	unitinfo#1/maxdamage	9244	9500
changed	units/zonhunt.fbi	weapon1#1/damage#1/default	1031	1231
changed	units/zonhunt.fbi	weapon1#1/damage#1/mechanical	<absent>	1.25
changed	units/zonhunt.fbi	weapon2#1/damage#1/default	1455	1655
changed	units/zonhunt.fbi	weapon2#1/damage#1/dragon	<absent>	2.0
changed	units/zonhunt.fbi	weapon2#1/damage#1/mechanical	<absent>	1.25
changed	units/zonhunt.fbi	weapon3#1/damage#1/factory	<absent>	0.25
changed	units/zonhunt.fbi	weapon3#1/damage#1/fort	<absent>	0.25
changed	units/zonhunt.fbi	weapon3#1/damage#1/monarch	<absent>	0.25
changed	units/zonhunt.fbi	weapon3#1/weaponvelocity	100	1000
changed	units/zonkrak.fbi	unitinfo#1/buildcost	768	1768
changed	units/zonkrak.fbi	unitinfo#1/experiencepoints	17	27
changed	units/zonkrak.fbi	unitinfo#1/maxvelocity	3.1	4.1
changed	units/zonkrak.fbi	weapon1#1/damage#1/default	790	250
changed	units/zonkrak.fbi	weapon1#1/damage#1/naval	<absent>	3.0
changed	units/zonlode.fbi	unitinfo#1/cantbecaptured	<absent>	1
changed	units/zonlode.fbi	unitinfo#1/maxdamage	15680	10680
changed	units/zonlord.fbi	unitinfo#1/damagecategory	monster	stalwart
changed	units/zonlord.fbi	unitinfo#1/experiencepoints	10	45
changed	units/zonlord.fbi	unitinfo#1/maxdamage	4300	7300
changed	units/zonlord.fbi	weapon1#1/damage#1/default	200	550
changed	units/zonlord.fbi	weapon1#1/range	500	400
changed	units/zonlord.fbi	weapon1#1/turnrate	<absent>	180
changed	units/zonlord.fbi	weapon1#1/type	Ballistic	Guided
changed	units/zonmana.fbi	unitinfo#1/buildcost	6556	3550
changed	units/zonmana.fbi	unitinfo#1/buildtime	1101	501
changed	units/zonmana.fbi	unitinfo#1/cantbecaptured	<absent>	1
changed	units/zonmana.fbi	unitinfo#1/experiencepoints	10	30
changed	units/zonmana.fbi	unitinfo#1/healtime	3.336	2.175
changed	units/zonmana.fbi	unitinfo#1/maxdamage	15092	25092
changed	units/zonmana.fbi	unitinfo#1/wind	<absent>	1
changed	units/zonorc.fbi	unitinfo#1/buildcost	1397	1497
changed	units/zonorc.fbi	unitinfo#1/buildtime	195	245
changed	units/zonorc.fbi	unitinfo#1/healtime	0.8125	1.0208333
changed	units/zonorc.fbi	unitinfo#1/maxdamage	4612	8612
changed	units/zonorc.fbi	weapon1#1/range	300	45
changed	units/zonroc.fbi	unitinfo#1/brakerate	0.25	0.05
changed	units/zonroc.fbi	unitinfo#1/buildcost	819	1019
changed	units/zonroc.fbi	unitinfo#1/buildtime	126	265
changed	units/zonroc.fbi	unitinfo#1/experiencepoints	7	15
changed	units/zonroc.fbi	unitinfo#1/maxdamage	2100	5500
changed	units/zonroc.fbi	unitinfo#1/transportdistance	154	300
changed	units/zonsham.fbi	unitinfo#1/buildcost	6899	4599
changed	units/zonsham.fbi	unitinfo#1/buildtime	905	705
changed	units/zonsham.fbi	unitinfo#1/damagecategory	monster	stalwart
changed	units/zonsham.fbi	unitinfo#1/experiencepoints	36	50
changed	units/zonsham.fbi	unitinfo#1/maxdamage	2341	2841
changed	units/zonsham.fbi	unitinfo#1/mogriumincome	1	5
changed	units/zonsham.fbi	weapon1#1/damage#1/default	626	926
changed	units/zonsham.fbi	weapon1#1/damage#1/mechanical	<absent>	1.25
changed	units/zonsham.fbi	weapon1#1/emittime	34	5
changed	units/zonswamp.fbi	unitinfo#1/buildcost	1412	912
changed	units/zonswamp.fbi	unitinfo#1/buildtime	240	160
changed	units/zonswamp.fbi	unitinfo#1/healtime	1.0	0.666
changed	units/zonswamp.fbi	unitinfo#1/maxdamage	3638	3938
changed	units/zonswamp.fbi	weapon1#1/damage#1/naval	<absent>	1.25
changed	units/zonswamp.fbi	weapon1#1/range	300	150
changed	units/zonter.fbi	unitinfo#1/damagecategory	monster	Tier1
changed	units/zonter.fbi	unitinfo#1/healtime	0.479167	0.479166667
changed	units/zonter.fbi	weapon1#1/damage#1/factory	<absent>	0.25
changed	units/zonter.fbi	weapon1#1/damage#1/fort	<absent>	0.25
changed	units/zonter.fbi	weapon1#1/damage#1/mechanical	<absent>	0.5
changed	units/zonter.fbi	weapon1#1/damage#1/naval	<absent>	0.5
changed	units/zonter.fbi	weapon1#1/damage#1/stalwart	<absent>	0.25
changed	units/zontrain.fbi	unitinfo#1/damagecategory	monster	stalwart
changed	units/zontrain.fbi	unitinfo#1/experiencepoints	15	30
changed	units/zontrain.fbi	unitinfo#1/maxdamage	1751	4751
changed	units/zontroll.fbi	unitinfo#1/damagecategory	Monster	Tier1
changed	units/zontroll.fbi	weapon1#1/damage#1/factory	<absent>	0.75
changed	units/zontroll.fbi	weapon1#1/damage#1/fort	<absent>	0.75
changed	units/zontroll.fbi	weapon1#1/range	300	34
changed	units/zontroll.fbi	weapon1#1/reloadtime	1.6	1.7
changed	units/zonwolf.fbi	weapon1#1/range	300	250
changed	units/zonwolf2.fbi	weapon1#1/range	300	250
added-definition	canbuild/aracastl/aragren.tdf	<definition>	<absent>	present
added-definition	canbuild/aracastl/aragren.tdf	menu#1/priority	<absent>	6.5
added-definition	canbuild/arafly/arasiege.tdf	<definition>	<absent>	present
added-definition	canbuild/arafly/arasiege.tdf	menu#1/priority	<absent>	9
removed-menu-entry	canbuild/araking/aragod.tdf	<definition>	present	<absent>
removed-menu-entry	canbuild/araking/aragod.tdf	menu#1/priority	10	<absent>
added-definition	canbuild/arapries/aragod.tdf	<definition>	<absent>	present
added-definition	canbuild/arapries/aragod.tdf	menu#1/priority	<absent>	10
removed-menu-entry	canbuild/arapries/aragren.tdf	<definition>	present	<absent>
removed-menu-entry	canbuild/arapries/aragren.tdf	menu#1/priority	0.5	<absent>
added-definition	canbuild/aratrans/araarch.tdf	<definition>	<absent>	present
added-definition	canbuild/aratrans/araarch.tdf	menu#1/priority	<absent>	3
added-definition	canbuild/aratrans/arafast.tdf	<definition>	<absent>	present
added-definition	canbuild/aratrans/arafast.tdf	menu#1/priority	<absent>	1
added-definition	canbuild/aratrans/arasword.tdf	<definition>	<absent>	present
added-definition	canbuild/aratrans/arasword.tdf	menu#1/priority	<absent>	2
removed-menu-entry	canbuild/tarnecro/targod.tdf	<definition>	present	<absent>
removed-menu-entry	canbuild/tarnecro/targod.tdf	menu#1/priority	10	<absent>
added-definition	canbuild/tarpries/targod.tdf	<definition>	<absent>	present
added-definition	canbuild/tarpries/targod.tdf	menu#1/priority	<absent>	10
added-definition	canbuild/vercastl/verbal.tdf	<definition>	<absent>	present
added-definition	canbuild/vercastl/verbal.tdf	menu#1/priority	<absent>	7.75
changed	canbuild/vercastl/vercen.tdf	menu#1/priority	2	7.5
added-definition	canbuild/verflag/verlight.tdf	<definition>	<absent>	present
added-definition	canbuild/verflag/verlight.tdf	menu#1/priority	<absent>	4
removed-menu-entry	canbuild/verlihr/verbal.tdf	<definition>	present	<absent>
removed-menu-entry	canbuild/verlihr/verbal.tdf	menu#1/priority	1	<absent>
added-definition	canbuild/verlihr/vergod.tdf	<definition>	<absent>	present
added-definition	canbuild/verlihr/vergod.tdf	menu#1/priority	<absent>	10
removed-menu-entry	canbuild/vermage/vergod.tdf	<definition>	present	<absent>
removed-menu-entry	canbuild/vermage/vergod.tdf	menu#1/priority	10	<absent>
removed-menu-entry	canbuild/zonhand/zonswamp.tdf	<definition>	present	<absent>
removed-menu-entry	canbuild/zonhand/zonswamp.tdf	menu#1/priority	7	<absent>
removed-menu-entry	canbuild/zonhunt/zongod.tdf	<definition>	present	<absent>
removed-menu-entry	canbuild/zonhunt/zongod.tdf	menu#1/priority	10	<absent>
removed-menu-entry	canbuild/zonsham/zonamoe.tdf	<definition>	present	<absent>
removed-menu-entry	canbuild/zonsham/zonamoe.tdf	menu#1/priority	1	<absent>
removed-menu-entry	canbuild/zonsham/zonbar.tdf	<definition>	present	<absent>
removed-menu-entry	canbuild/zonsham/zonbar.tdf	menu#1/priority	2	<absent>
added-definition	canbuild/zonsham/zongod.tdf	<definition>	<absent>	present
added-definition	canbuild/zonsham/zongod.tdf	menu#1/priority	<absent>	10
added-definition	canbuild/zontrain/zonamoe.tdf	<definition>	<absent>	present
added-definition	canbuild/zontrain/zonamoe.tdf	menu#1/priority	<absent>	5.25
added-definition	canbuild/zontrain/zonbar.tdf	<definition>	<absent>	present
added-definition	canbuild/zontrain/zonbar.tdf	menu#1/priority	<absent>	2.5
added-definition	canbuild/zontrain/zonspide.tdf	<definition>	<absent>	present
added-definition	canbuild/zontrain/zonspide.tdf	menu#1/priority	<absent>	7.5
added-definition	canbuild/zontrain/zonswamp.tdf	<definition>	<absent>	present
added-definition	canbuild/zontrain/zonswamp.tdf	menu#1/priority	<absent>	5.5
