field	id	standard	crusades
aura/0/affectsEnemy	verscout	<absent>	0
aura/0/amount	verscout	<absent>	45
aura/0/edge	verscout	<absent>	1
aura/0/kind	verscout	<absent>	2
aura/0/radius	verscout	<absent>	150
explodeAs/aoe	crefire	210	0
explodeAs/aoe	tarkam	203	250
explodeAs/aoe	zonamoe	0	100
explodeAs/ballistic	crefire	1	0
explodeAs/ballistic	zonamoe	0	1
explodeAs/damage	aragren	423	1023
explodeAs/damage	crefire	180	0
explodeAs/damage	creshoc	200	500
explodeAs/damage	zonamoe	0	10000
explodeAs/damageCategory/airship	verball	3000	2000
explodeAs/damageCategory/monarch	aragren	211	511
explodeAs/damageCategory/monarch	crefire	90	<absent>
explodeAs/damageCategory/monarch	creshoc	100	250
explodeAs/damageCategory/monarch	zonamoe	<absent>	2000
explodeAs/dmgType	crefire	3	1
explodeAs/dmgType	zonamoe	1	3
explodeAs/edge	crefire	0.100000001	1
explodeAs/edge	zonamoe	1	0.25
explodeAs/explosionClass	crefire	fireball explosion	
explodeAs/explosionClass	zonamoe		large explosion
explodeAs/projVel	crefire	300	0
explodeAs/projVel	zonamoe	0	1000
explodeAs/subSteps	zonamoe	1	3
explodeAs/switchReloadTicks	crefire	0	30
explodeAs/switchReloadTicks	zonamoe	30	0
explodeAs/waterExplosionClass	zonamoe		large water explosion
menu/ordered	aracastl	arabroad,arabow,arapal,arasmith,aracan,araspy,arasiege,arabuild,arapries	arabroad,arabow,arapal,arasmith,aracan,araspy,aragren,arasiege,arabuild,arapries
menu/ordered	arafly	arawall,aratre,aralode,araat,arawar,arassh,arakeep,aracastl	arawall,aratre,aralode,araat,arawar,arassh,arakeep,aracastl,arasiege
menu/ordered	araking	arawall,arangate,aralode,araat,aratrans,arakeep,aragod	arawall,arangate,aralode,araat,aratrans,arakeep
menu/ordered	arapries	aragren,aramana,aradrag,arafly	aramana,aradrag,arafly,aragod
menu/ordered	aratrans		arafast,arasword,araarch
menu/ordered	tarnecro	tarwall,tarlode,tarngate,tarcage,tarcastl,tardung,tarhell,targod	tarwall,tarlode,tarngate,tarcage,tarcastl,tardung,tarhell
menu/ordered	tarpries	tarmana,tarang,tardrag	tarmana,tarang,tardrag,targod
menu/ordered	vercastl	verbers,vercen,vermusk,vercrus,verknigh,verball,verliege,verlihr	verbers,vermusk,vercrus,verknigh,verball,verliege,vercen,verbal,verlihr
menu/ordered	verflag	verlode,verfltwr,verkeep,verasy	verlode,verfltwr,verkeep,verasy,verlight
menu/ordered	verlihr	verbal,verpill,vermana,verdrag	verpill,vermana,verdrag,vergod
menu/ordered	vermage	verwall,verlode,verngate,verat,verkeep,verasy,vergod	verwall,verlode,verngate,verat,verkeep,verasy
menu/ordered	zonhand	zongob,zonfire,zonbat,zonter,zontroll,zonlode,zonswamp,zontrain	zongob,zonfire,zonbat,zonter,zontroll,zonlode,zontrain
menu/ordered	zonhunt	zonfire,zonlode,zonglyph,zonhand,zongod	zonfire,zonlode,zonglyph,zonhand
menu/ordered	zonsham	zonamoe,zonbar,zonmana,zondrag	zonmana,zondrag,zongod
menu/ordered	zontrain	zonlode,zonkrak,zongryp,zonwolf,zonbasil,zonharp,zonglyph,zonhand,zonlord	zonlode,zonkrak,zonbar,zongryp,zonwolf,zonbasil,zonamoe,zonswamp,zonharp,zonglyph,zonspide,zonhand,zonlord
unit/accel.fixed16	aragod	32768	655360
unit/accel.fixed16	targod	32768	655360
unit/accel.fixed16	verbal	23592	26214
unit/accel.fixed16	vergod	32768	983040
unit/activeWeapons	arawar	1	2
unit/badSlope	aracan	7	15
unit/badSlope	arapult	7	15
unit/badSlope	arasiege	7	15
unit/badSlope	tarcan	100	30
unit/badSlope	tarmage	7	15
unit/badSlope	tarmind	7	15
unit/badSlope	verpult	7	15
unit/badSlope	zonbasil	7	15
unit/badSlope	zongiant	7	15
unit/badWaterSlope	tarcan	100	255
unit/bloodColor/1	targod	4282131200	4288028170
unit/bloodColor/1	vergod	4287372804	4288028170
unit/bloodColor/1	zongod	4281829170	4288028170
unit/bloodColor/2	targod	4282787840	4288028170
unit/bloodColor/2	vergod	4288028210	4288028170
unit/bloodColor/2	zongod	4281500200	4288028170
unit/bloodColor/3	targod	4283440645	4288028170
unit/bloodColor/3	vergod	4294909505	4288028170
unit/bloodColor/3	zongod	4281171230	4288028170
unit/bodyType	araknigh	armor	flesh
unit/brake.fixed16	targod	19660	655360
unit/brake.fixed16	zonroc	16384	3276
unit/buildCost	arabuild	443	643
unit/buildCost	aradrag	43944	28944
unit/buildCost	aragod	360000	100000
unit/buildCost	aragren	2874	1074
unit/buildCost	araknigh	665	765
unit/buildCost	aramana	8564	3564
unit/buildCost	arapries	5917	4417
unit/buildCost	arapult	751	1451
unit/buildCost	araspy	2509	1509
unit/buildCost	aratrans	4131	2531
unit/buildCost	arawar	2319	2619
unit/buildCost	crebarn	213	293
unit/buildCost	crebeas	1820	3520
unit/buildCost	crechie	4734	4634
unit/buildCost	credrag	5652	8756
unit/buildCost	crefire	778	828
unit/buildCost	cregate	503	425
unit/buildCost	cregod	360000	100000
unit/buildCost	cremana	9352	3352
unit/buildCost	cremech	355	975
unit/buildCost	crenavy	1872	2272
unit/buildCost	crepris	8565	8765
unit/buildCost	creshoc	982	999
unit/buildCost	crester	3419	3119
unit/buildCost	cretort	780	999
unit/buildCost	crewall	74	85
unit/buildCost	tarang	31604	16604
unit/buildCost	tarbeak	1863	1563
unit/buildCost	tarcan	3398	2898
unit/buildCost	tardemon	1644	1444
unit/buildCost	tardrag	44587	29666
unit/buildCost	tarfire	1189	1889
unit/buildCost	targod	360000	100000
unit/buildCost	tarhand	3693	2693
unit/buildCost	tarkam	1682	1482
unit/buildCost	tarmana	7399	3299
unit/buildCost	tarnecro	10	100000
unit/buildCost	tarpries	6552	4952
unit/buildCost	tartb	615	515
unit/buildCost	tartroop	296	326
unit/buildCost	verasy	2340	2040
unit/buildCost	verbers	682	782
unit/buildCost	vercastl	8192	9192
unit/buildCost	vercen	713	2323
unit/buildCost	verdrag	49287	34287
unit/buildCost	vergod	360000	100000
unit/buildCost	verlihr	5292	4592
unit/buildCost	vermana	7655	3655
unit/buildCost	vermer	1103	535
unit/buildCost	verpill	3008	1308
unit/buildCost	verpult	667	1367
unit/buildCost	verscout	384	884
unit/buildCost	vertrans	2333	1133
unit/buildCost	vertre	5843	7843
unit/buildCost	zonamoe	1784	1984
unit/buildCost	zonbar	5768	2268
unit/buildCost	zondrag	47114	32114
unit/buildCost	zondrake	3004	2504
unit/buildCost	zongiant	2951	3951
unit/buildCost	zonglyph	5582	3082
unit/buildCost	zongob	173	183
unit/buildCost	zongod	360000	100000
unit/buildCost	zongryp	859	1359
unit/buildCost	zonharp	2562	2762
unit/buildCost	zonhunt	10	100000
unit/buildCost	zonkrak	768	1768
unit/buildCost	zonmana	6556	3550
unit/buildCost	zonorc	1397	1497
unit/buildCost	zonroc	819	1019
unit/buildCost	zonsham	6899	4599
unit/buildCost	zonswamp	1412	912
unit/buildDist	creacad	100	200
unit/buildDist	crechie	75	200
unit/buildDist	tarhand	420	400
unit/buildDist	verflag	75	300
unit/buildTime	arabuild	140	175
unit/buildTime	aracastl	1522	1622
unit/buildTime	aragod	36000	30000
unit/buildTime	aragren	377	190
unit/buildTime	araking	10	100000
unit/buildTime	araknigh	188	198
unit/buildTime	aramana	1450	550
unit/buildTime	arapries	1108	708
unit/buildTime	arapult	165	235
unit/buildTime	arasiege	1417	1217
unit/buildTime	arasword	99	90
unit/buildTime	aratrans	380	677
unit/buildTime	arawall	65	40
unit/buildTime	crebarn	220	260
unit/buildTime	crebeas	215	422
unit/buildTime	crechie	1108	777
unit/buildTime	credrag	755	875
unit/buildTime	crefire	311	175
unit/buildTime	cregate	330	175
unit/buildTime	cregatl	500	350
unit/buildTime	cregod	36000	30000
unit/buildTime	creiron	398	240
unit/buildTime	cremana	1450	560
unit/buildTime	cremech	140	195
unit/buildTime	crenavy	585	455
unit/buildTime	crepris	1500	700
unit/buildTime	cresage	10	100000
unit/buildTime	crester	338	190
unit/buildTime	cretort	185	315
unit/buildTime	crewall	65	50
unit/buildTime	monghoul	300	100
unit/buildTime	tarang	9858	2858
unit/buildTime	tarbeak	352	302
unit/buildTime	tarcan	428	378
unit/buildTime	tarfire	204	264
unit/buildTime	targod	36000	30000
unit/buildTime	tarhand	525	325
unit/buildTime	tarkam	348	318
unit/buildTime	tarmana	1055	525
unit/buildTime	tarnecro	22500	100000
unit/buildTime	tarpries	1282	792
unit/buildTime	tartroop	105	119
unit/buildTime	tarwall	95	50
unit/buildTime	tarzom	75	55
unit/buildTime	verasy	585	385
unit/buildTime	verbers	115	125
unit/buildTime	vercen	130	230
unit/buildTime	vergod	36000	30000
unit/buildTime	verliege	145	175
unit/buildTime	verlihr	911	711
unit/buildTime	vermana	1119	519
unit/buildTime	verpill	1899	699
unit/buildTime	verpult	159	239
unit/buildTime	verscout	225	205
unit/buildTime	vertre	374	574
unit/buildTime	verwall	45	50
unit/buildTime	zonamoe	240	275
unit/buildTime	zonbar	545	175
unit/buildTime	zondrake	379	301
unit/buildTime	zongiant	425	525
unit/buildTime	zonglyph	610	310
unit/buildTime	zongob	78	108
unit/buildTime	zongod	36000	30000
unit/buildTime	zongryp	169	199
unit/buildTime	zonhunt	22500	100000
unit/buildTime	zonmana	1101	501
unit/buildTime	zonorc	195	245
unit/buildTime	zonroc	126	265
unit/buildTime	zonsham	905	705
unit/buildTime	zonswamp	240	160
unit/canTransport	arasiege	0	1
unit/cantBeCaptured	araat	0	1
unit/cantBeCaptured	aracastl	0	1
unit/cantBeCaptured	arakeep	0	1
unit/cantBeCaptured	aralode	0	1
unit/cantBeCaptured	aramana	0	1
unit/cantBeCaptured	arangate	0	1
unit/cantBeCaptured	arassh	0	1
unit/cantBeCaptured	aratre	0	1
unit/cantBeCaptured	tarcage	0	1
unit/cantBeCaptured	tarcastl	0	1
unit/cantBeCaptured	tardung	0	1
unit/cantBeCaptured	tarhell	0	1
unit/cantBeCaptured	tarlode	0	1
unit/cantBeCaptured	tarmana	0	1
unit/cantBeCaptured	tarngate	0	1
unit/cantBeCaptured	tarsh	0	1
unit/cantBeCaptured	verasy	0	1
unit/cantBeCaptured	verat	0	1
unit/cantBeCaptured	vercastl	0	1
unit/cantBeCaptured	vercrus	0	1
unit/cantBeCaptured	verfltwr	0	1
unit/cantBeCaptured	verkeep	0	1
unit/cantBeCaptured	verlode	0	1
unit/cantBeCaptured	vermana	0	1
unit/cantBeCaptured	vermort	0	1
unit/cantBeCaptured	verngate	0	1
unit/cantBeCaptured	verpill	0	1
unit/cantBeCaptured	vertower	0	1
unit/cantBeCaptured	zonglyph	0	1
unit/cantBeCaptured	zonlode	0	1
unit/cantBeCaptured	zonmana	0	1
unit/cantBeFrozen	aranull	1	0
unit/cantBeFrozen	arapal	1	0
unit/cantBeStoned	araat	0	1
unit/cantBeStoned	vermort	0	1
unit/corpse	tarzom	tarzom_dead	
unit/cruiseAlt	arafly	0	200
unit/cruiseAlt	tarang	50	100
unit/cruiseAlt	zonflies	150	50
unit/damageCategory	araarch	human	tier1
unit/damageCategory	arafly	human	monster
unit/damageCategory	araknigh	human	tier1
unit/damageCategory	arasmith	monster	stalwart
unit/damageCategory	arasword	human	tier1
unit/damageCategory	creauto	human	undead
unit/damageCategory	crebarn		airship
unit/damageCategory	crebomb	fort	mechanical
unit/damageCategory	crefire	siege	mechanical
unit/damageCategory	cregatl	fort	mechanical
unit/damageCategory	crepris	fort	mechanical
unit/damageCategory	cretort	human	mechanical
unit/damageCategory	monghoul		undead
unit/damageCategory	tarblack	human	tier1
unit/damageCategory	tartroop	human	tier1
unit/damageCategory	verarch	human	tier1
unit/damageCategory	vercen	human	monster
unit/damageCategory	vercrus	human	stalwart
unit/damageCategory	vermer	human	tier1
unit/damageCategory	versword	human	tier1
unit/damageCategory	zonbasil	monster	stalwart
unit/damageCategory	zongiant	monster	stalwart
unit/damageCategory	zongob	monster	tier1
unit/damageCategory	zonhand	monster	stalwart
unit/damageCategory	zonharp		monster
unit/damageCategory	zonlord	monster	stalwart
unit/damageCategory	zonsham	monster	stalwart
unit/damageCategory	zonter	monster	tier1
unit/damageCategory	zontrain	monster	stalwart
unit/damageCategory	zontroll	monster	tier1
unit/experiencePoints	araat	21	31
unit/experiencePoints	aracastl	100	300
unit/experiencePoints	aragod	1000	1011
unit/experiencePoints	arakeep	200	100
unit/experiencePoints	araking	151	350
unit/experiencePoints	aralode	6	5
unit/experiencePoints	aramana	13	30
unit/experiencePoints	arapries	35	50
unit/experiencePoints	arapult	24	25
unit/experiencePoints	arasiege	37	47
unit/experiencePoints	arassh	57	61
unit/experiencePoints	aratrans	41	44
unit/experiencePoints	arawar	27	37
unit/experiencePoints	creacad	180	300
unit/experiencePoints	crebarn	18	35
unit/experiencePoints	crebeas	21	41
unit/experiencePoints	crebomb	47	67
unit/experiencePoints	crechie	28	50
unit/experiencePoints	credrag	42	55
unit/experiencePoints	cregatl	23	40
unit/experiencePoints	creiron	30	48
unit/experiencePoints	cremana	12	30
unit/experiencePoints	crenavy	135	150
unit/experiencePoints	crepris	52	55
unit/experiencePoints	cresage	135	350
unit/experiencePoints	cresmit	90	100
unit/experiencePoints	crester	29	35
unit/experiencePoints	monghoul	7	20
unit/experiencePoints	targod	1000	989
unit/experiencePoints	tarmana	13	30
unit/experiencePoints	tarnecro	151	350
unit/experiencePoints	tarpries	27	50
unit/experiencePoints	tarsh	55	65
unit/experiencePoints	tartroop	8	11
unit/experiencePoints	tarzom	3	5
unit/experiencePoints	verasy	100	150
unit/experiencePoints	verbal	27	32
unit/experiencePoints	verball	33	25
unit/experiencePoints	vercastl	200	300
unit/experiencePoints	vercen	7	30
unit/experiencePoints	vergod	1000	1005
unit/experiencePoints	verharp	18	28
unit/experiencePoints	verlihr	29	50
unit/experiencePoints	vermage	151	350
unit/experiencePoints	verman	30	40
unit/experiencePoints	vermana	10	30
unit/experiencePoints	vermusk	21	15
unit/experiencePoints	verpill	12	20
unit/experiencePoints	verpult	32	25
unit/experiencePoints	verscout	12	22
unit/experiencePoints	vertre	41	51
unit/experiencePoints	zonamoe	18	28
unit/experiencePoints	zonbar	58	27
unit/experiencePoints	zonbasil	14	20
unit/experiencePoints	zonglyph	39	40
unit/experiencePoints	zongod	1000	999
unit/experiencePoints	zonhand	6	20
unit/experiencePoints	zonhunt	151	350
unit/experiencePoints	zonkrak	17	27
unit/experiencePoints	zonlord	10	45
unit/experiencePoints	zonmana	10	30
unit/experiencePoints	zonroc	7	15
unit/experiencePoints	zonsham	36	50
unit/experiencePoints	zontrain	15	30
unit/floater	vergod	0	1
unit/footX	tarcan	3	2
unit/footX	verbal	3	4
unit/footX	zonamoe	3	4
unit/footZ	tarcan	3	2
unit/footZ	verbal	3	4
unit/footZ	zonamoe	3	4
unit/frozenFeat	arapal		arapal_frozen
unit/frozenFeat	lifdeer	lifdeer_frozen	lifdeer2_frozen
unit/halfCellTicks	arabroad	6	4
unit/halfCellTicks	aragod	5	4
unit/halfCellTicks	aragren	3	4
unit/halfCellTicks	cregod	3	5
unit/halfCellTicks	creshoc	7	6
unit/halfCellTicks	crester	3	2
unit/halfCellTicks	cresubm	5	3
unit/halfCellTicks	tararch	5	4
unit/halfCellTicks	targod	4	3
unit/halfCellTicks	tarlich	8	6
unit/halfCellTicks	tarzom	6	8
unit/halfCellTicks	verbal	7	9
unit/halfCellTicks	vercen	5	3
unit/halfCellTicks	vercrus	4	5
unit/halfCellTicks	vergod	2	3
unit/halfCellTicks	zonamoe	9	10
unit/halfCellTicks	zonbar	2	1
unit/halfCellTicks	zonkrak	2	1
unit/hasExplodeAs	crefire	1	0
unit/hasExplodeAs	zonamoe	0	1
unit/healTime	araarch	0.520829976	0.520833313
unit/healTime	arabuild	0.583333313	1.16666663
unit/healTime	aragod	600	50
unit/healTime	aragren	1.57083333	0.791000009
unit/healTime	araking	0.0416666679	216.669998
unit/healTime	aramana	4.17500019	2.17499995
unit/healTime	araprie2	4.61670017	4.61666679
unit/healTime	arapries	4.61670017	2.95000005
unit/healTime	arapult	0.6875	0.979166687
unit/healTime	arasword	0.412499994	0.375
unit/healTime	aratrans	0.791670024	2.80800009
unit/healTime	arawall	0.416666657	0
unit/healTime	crebeas	0.895829976	0.595830023
unit/healTime	credrag	2.09722209	2.91000009
unit/healTime	crefire	1.29583335	1.375
unit/healTime	cregate	0.6875	0.357499987
unit/healTime	cregatl	1.04159999	0.614160001
unit/healTime	cregod	600	50
unit/healTime	creiron	1.6583333	1
unit/healTime	cremana	4.17500019	2.17499995
unit/healTime	cremech	0.583333313	1.26600003
unit/healTime	crenavy	1.21875	1.898
unit/healTime	crepris	3.11999989	1.45000005
unit/healTime	cresage	0.0416666679	216.669998
unit/healTime	crester	1.40830004	1.26300001
unit/healTime	cretort	0.770829976	1.04999995
unit/healTime	crewall	0.416700006	0
unit/healTime	monghoul	1.25	0.5
unit/healTime	npcpow2	0.816699982	0.816666663
unit/healTime	npcwagon	0	0.465624988
unit/healTime	tarang	41.0750008	6.3499999
unit/healTime	tarbeak	0.977777779	1.15908754
unit/healTime	tarfire	0.850000024	1.10000002
unit/healTime	targod	600	50
unit/healTime	tarmana	3.19696975	2.17499995
unit/healTime	tarnecro	93.75	216.669998
unit/healTime	tarpries	5.34167004	3.29999995
unit/healTime	tartb	0.729160011	1.16666663
unit/healTime	tarwall	0.1875	0
unit/healTime	tarzom	0.3125	0.150000006
unit/healTime	verbal	0.731249988	1.41199994
unit/healTime	verbers	0.479166657	0.5625
unit/healTime	vercen	0.541670024	0.939999998
unit/healTime	vergod	600	50
unit/healTime	verliege	0.604165971	1.16666663
unit/healTime	verlihr	3.79583311	2.9625001
unit/healTime	vermage	416.666656	216.669998
unit/healTime	vermana	3.39090896	2.17499995
unit/healTime	verpill	3.16499996	1.52499998
unit/healTime	verpult	0.662500024	0.99583298
unit/healTime	verscout	0.9375	1.38880002
unit/healTime	vertre	1.55833328	2.39166665
unit/healTime	verwall	0.1875	0
unit/healTime	zonamoe	1	1.14499998
unit/healTime	zonbar	2.27082992	1.30999994
unit/healTime	zondrake	1.05277777	0.836111128
unit/healTime	zonglyph	1.27083337	0.649999976
unit/healTime	zongod	600	50
unit/healTime	zongryp	0.469444454	0.552777767
unit/healTime	zonhunt	93.75	216.669998
unit/healTime	zonmana	3.33599997	2.17499995
unit/healTime	zonorc	0.8125	1.02083325
unit/healTime	zonswamp	1	0.666000009
unit/healTime	zonter	0.479167014	0.479166657
unit/hoverAttackAltitude	arafly	0	200
unit/hoverAttackAltitude	tarang	50	100
unit/hoverAttackAltitude	zonflies	150	45
unit/income	arafly	1	2
unit/income	arapries	1	5
unit/income	aratrans	0	1
unit/income	crechie	1	5
unit/income	tarpries	1	5
unit/income	verlihr	1	5
unit/income	vermage	10	15
unit/income	zonsham	1	5
unit/leash	aragod	2000	500
unit/leash	tarang	100	8
unit/leash	targod	2000	500
unit/leash	vercen	500	2500
unit/leash	vergod	2000	500
unit/leash	zongod	2000	500
unit/manaRegen	araking	20	15
unit/manaRegen	araspy	10	15
unit/manaRegen	cresage	20	15
unit/manaRegen	tarang	8	10
unit/manaRegen	tarspout	10	15
unit/manaRegen	vermage	10	15
unit/manaRegen	zonhunt	20	15
unit/maxHp	araat	4700	5200
unit/maxHp	aracan	2200	2600
unit/maxHp	aragod	29999	28999
unit/maxHp	aragren	2349	1649
unit/maxHp	aramana	15092	17092
unit/maxHp	arapries	2300	2800
unit/maxHp	arassh	18500	23500
unit/maxHp	arasword	2500	3000
unit/maxHp	aratrans	6111	9111
unit/maxHp	arawall	4000	3000
unit/maxHp	arawar	4527	6527
unit/maxHp	crebarn	148	288
unit/maxHp	crebeas	5300	7300
unit/maxHp	crebomb	11650	3650
unit/maxHp	crechie	1870	3870
unit/maxHp	credrag	5135	6435
unit/maxHp	crefire	2785	2385
unit/maxHp	cregatl	6605	5500
unit/maxHp	cremana	13892	16681
unit/maxHp	crenavy	15158	18158
unit/maxHp	crepris	2830	3830
unit/maxHp	cresage	15750	15000
unit/maxHp	crester	8105	8405
unit/maxHp	crewall	4000	3000
unit/maxHp	monghoul	3000	5900
unit/maxHp	tarblack	1700	2100
unit/maxHp	tarcage	4608	5100
unit/maxHp	tardemon	6500	7500
unit/maxHp	tarhand	7544	4544
unit/maxHp	tarknigh	4400	4012
unit/maxHp	tarmage	3500	4500
unit/maxHp	tarpries	4000	3000
unit/maxHp	tarsh	17189	19189
unit/maxHp	tarwall	4000	3000
unit/maxHp	tarzom	1111	3111
unit/maxHp	verat	4200	4700
unit/maxHp	verbal	3689	2400
unit/maxHp	vercen	3050	5550
unit/maxHp	vercrus	4325	4725
unit/maxHp	vergod	29999	28987
unit/maxHp	verknigh	2200	3433
unit/maxHp	vermage	14800	15800
unit/maxHp	verpult	2289	1289
unit/maxHp	verscout	2750	2250
unit/maxHp	vertower	17975	19975
unit/maxHp	verwall	4000	3000
unit/maxHp	zonamoe	5900	7900
unit/maxHp	zonbar	11101	4500
unit/maxHp	zonbasil	900	1900
unit/maxHp	zondrake	2786	2516
unit/maxHp	zongiant	10310	7310
unit/maxHp	zonglyph	13432	6430
unit/maxHp	zongod	25000	23500
unit/maxHp	zongryp	1911	1721
unit/maxHp	zonhand	1401	3401
unit/maxHp	zonhunt	9244	9500
unit/maxHp	zonlode	15680	10680
unit/maxHp	zonlord	4300	7300
unit/maxHp	zonmana	15092	25092
unit/maxHp	zonorc	4612	8612
unit/maxHp	zonroc	2100	5500
unit/maxHp	zonsham	2341	2841
unit/maxHp	zonswamp	3638	3938
unit/maxHp	zontrain	1751	4751
unit/maxMana	araspy	1000	1500
unit/maxMana	tarspout	1000	1500
unit/maxSlope	aracan	15	30
unit/maxSlope	arapult	15	30
unit/maxSlope	arasiege	15	30
unit/maxSlope	tarcan	100	30
unit/maxSlope	tarmage	15	30
unit/maxSlope	tarmind	15	30
unit/maxSlope	verpult	15	30
unit/maxSlope	zonbasil	15	30
unit/maxSlope	zongiant	15	30
unit/maxTransportSize	arasiege	0	9
unit/maxVel.fixed16	arabroad	65536	91750
unit/maxVel.fixed16	aragren	131072	91750
unit/maxVel.fixed16	crebeas	80609	78643
unit/maxVel.fixed16	credrag	458752	360448
unit/maxVel.fixed16	cregod	163840	98304
unit/maxVel.fixed16	creiron	190054	176947
unit/maxVel.fixed16	creshoc	55705	72089
unit/maxVel.fixed16	crester	131072	150732
unit/maxVel.fixed16	cresubm	81920	124518
unit/maxVel.fixed16	tararch	78643	91750
unit/maxVel.fixed16	tarknigh	294912	229376
unit/maxVel.fixed16	tarlich	65536	85196
unit/maxVel.fixed16	tarzom	65536	52428
unit/maxVel.fixed16	verbal	58982	45875
unit/maxVel.fixed16	vercen	81264	137625
unit/maxVel.fixed16	vercrus	98304	85196
unit/maxVel.fixed16	vergod	124518	98304
unit/maxVel.fixed16	zonamoe	45875	52428
unit/maxVel.fixed16	zonbar	209715	327680
unit/maxVel.fixed16	zondrake	229376	294912
unit/maxVel.fixed16	zonkrak	203161	268697
unit/maxWaterDepth	tarcan	0	255
unit/maxWaterDepth	verbal	20	10
unit/maxWaterDepth	zonamoe	20	10
unit/maxWaterSlope	tarcan	100	255
unit/maxWeaponReloadMs	arabuild	2000	3800
unit/maxWeaponReloadMs	aragod	3600	5000
unit/maxWeaponReloadMs	aragren	3100	2900
unit/maxWeaponReloadMs	araspy	4066	3100
unit/maxWeaponReloadMs	arassh	4000	3000
unit/maxWeaponReloadMs	aratrans	1333	3100
unit/maxWeaponReloadMs	arawar	2400	3700
unit/maxWeaponReloadMs	crebeas	2500	3500
unit/maxWeaponReloadMs	crechie	2100	2800
unit/maxWeaponReloadMs	creiron	3200	4300
unit/maxWeaponReloadMs	crepris	4500	3000
unit/maxWeaponReloadMs	cresage	3000	4500
unit/maxWeaponReloadMs	tarang	10000	5000
unit/maxWeaponReloadMs	tarhand	2000	1500
unit/maxWeaponReloadMs	tarsh	3800	2400
unit/maxWeaponReloadMs	tarspout	3000	2300
unit/maxWeaponReloadMs	tarzom	1633	2633
unit/maxWeaponReloadMs	vercen	2500	3500
unit/maxWeaponReloadMs	verfltwr	3000	2800
unit/maxWeaponReloadMs	verknigh	1200	1500
unit/maxWeaponReloadMs	verscout	1800	2500
unit/maxWeaponReloadMs	vertower	3200	2800
unit/maxWeaponReloadMs	vertrans	1800	2400
unit/maxWeaponReloadMs	vertre	5000	7000
unit/maxWeaponReloadMs	zonamoe	2000	2500
unit/maxWeaponReloadMs	zondrake	4500	3233
unit/maxWeaponReloadMs	zongod	1500	1000
unit/maxWeaponReloadMs	zontroll	1600	1700
unit/noShadow	cregate	0	1
unit/onOffable	zonfire	1	0
unit/radar	aragod	25000	2000
unit/radar	arangate	999	500
unit/radar	credrag	1500	700
unit/radar	cregate	950	500
unit/radar	cregatl	700	1000
unit/radar	cregod	25000	10000
unit/radar	tarang	1280	666
unit/radar	targod	25000	2000
unit/radar	tarngate	0	500
unit/radar	tarship	666	300
unit/radar	vergod	25000	2000
unit/radar	verngate	750	500
unit/radar	zongod	25000	2000
unit/receivesWind	cregate	0	1
unit/receivesWind	zonmana	0	1
unit/roadMult.fixed16	aragod	65536	78643
unit/roadMult.fixed16	targod	65536	78643
unit/roadMult.fixed16	vergod	65536	78643
unit/roadMult.fixed16	zonamoe	79298	65536
unit/sight	aragod	2500	289
unit/sight	crebomb	510	260
unit/sight	cregate	400	300
unit/sight	creiron	280	220
unit/sight	crewall	45	90
unit/sight	tarang	125	200
unit/sight	targod	2500	294
unit/sight	tarhand	101	131
unit/sight	tarship	200	260
unit/sight	verbers	90	110
unit/sight	vercrus	79	150
unit/sight	vergod	2500	292
unit/sight	verngate	210	300
unit/sight	zongiant	230	250
unit/sight	zongod	2000	290
unit/stoneFeat	tarbeak		tarbeak_stone
unit/storage	arafly	150	200
unit/storage	aratrans	0	100
unit/transportCap	arasiege	0	4
unit/transportCap	aratrans	50	100
unit/transportCap	verharp	16	4
unit/transportCap	verman	20	8
unit/transportCap	verscout	4	1
unit/transportDist	arasiege	0	200
unit/transportDist	tarship	300	200
unit/transportDist	zonroc	154	300
unit/transportSize	tarcan	9	4
unit/transportSize	verbal	9	16
unit/transportSize	zonamoe	9	16
unit/transportSizeCap	arasiege	0	16
unit/transportSizeCap	aratrans	200	400
unit/transportSizeCap	verharp	64	16
unit/transportSizeCap	verman	80	32
unit/transportSizeCap	verscout	16	4
unit/turnInPlaceRate	targod	2100	2500
unit/turnInPlaceRate	vergod	1200	2500
unit/turnInPlaceRate	zonbasil	400	600
unit/turnRate	credrag	500	600
unit/turnRate	targod	800	2500
unit/turnRate	vergod	450	2500
unit/turnRate	zonbasil	300	450
unit/waterMult.fixed16	lifdeer	53084	65536
unit/waterMult.fixed16	lifdeer2	53084	65536
unit/waterMult.fixed16	zonamoe	53084	65536
unit/waterline	aragod	40	1
unit/waterline	targod	50	1
unit/workerTime	tarhand	10	30
weapon1/aimTol	aragod	8000	1024
weapon1/aimTol	aragren	1024	512
weapon1/aimTol	aratrans	2000	1024
weapon1/aimTol	crebeas	2000	1024
weapon1/aimTol	crebomb	500	512
weapon1/aimTol	crechie	1000	1024
weapon1/aimTol	cremech	1000	1024
weapon1/aimTol	targod	8000	1024
weapon1/aimTol	verbal	1024	512
weapon1/aimTol	verfltwr	500	1024
weapon1/aimTol	vergod	8000	1024
weapon1/aimTol	verharp	1024	500
weapon1/aimTol	verknigh	120	512
weapon1/aimTol	zongiant	1024	512
weapon1/aimTol	zongod	33000	1024
weapon1/aoe	aragren	20	100
weapon1/aoe	arassh	50	65
weapon1/aoe	credrag	50	30
weapon1/aoe	crester	0	45
weapon1/aoe	targod	140	100
weapon1/aoe	verfltwr	32	60
weapon1/aoe	vergod	110	100
weapon1/aoe	zongod	240	30
weapon1/ballistic	zonlord	1	0
weapon1/beam	vercen	1	0
weapon1/buildUp	zongod	2	2.25
weapon1/buildUpTicks	zongod	60	67
weapon1/damage	arabroad	640	740
weapon1/damage	arabuild	216	250
weapon1/damage	aragod	16000	6300
weapon1/damage	araking	950	1250
weapon1/damage	araknigh	333	435
weapon1/damage	arasmith	500	700
weapon1/damage	arassh	1125	1225
weapon1/damage	aratrans	826	252
weapon1/damage	creaeri	481	311
weapon1/damage	crebeas	400	1200
weapon1/damage	credrag	821	800
weapon1/damage	cregatl	295	325
weapon1/damage	cregod	10000	5000
weapon1/damage	creiron	1288	988
weapon1/damage	cremech	248	218
weapon1/damage	cresage	610	1010
weapon1/damage	creshoc	752	452
weapon1/damage	crester	1293	750
weapon1/damage	cresubm	635	835
weapon1/damage	monghoul	284	1061
weapon1/damage	tarang	9000	3500
weapon1/damage	tarblack	189	289
weapon1/damage	tarcage	245	295
weapon1/damage	targod	15000	5500
weapon1/damage	tarmage	469	569
weapon1/damage	tarnecro	790	990
weapon1/damage	tarsh	1350	1450
weapon1/damage	tarship	311	211
weapon1/damage	tarwitch	50	150
weapon1/damage	tarzom	350	175
weapon1/damage	verbal	1338	900
weapon1/damage	verbers	760	610
weapon1/damage	vercen	278	678
weapon1/damage	vercrus	615	715
weapon1/damage	verfltwr	1089	889
weapon1/damage	vergod	13500	5600
weapon1/damage	verharp	1089	689
weapon1/damage	verlight	125	1
weapon1/damage	vermer	810	460
weapon1/damage	verpult	1513	1013
weapon1/damage	vertrans	282	243
weapon1/damage	zonamoe	10000	25000
weapon1/damage	zonflies	416	520
weapon1/damage	zonglyph	492	525
weapon1/damage	zongod	7000	2400
weapon1/damage	zongryp	340	350
weapon1/damage	zonhand	180	480
weapon1/damage	zonhunt	1031	1231
weapon1/damage	zonkrak	790	250
weapon1/damage	zonlord	200	550
weapon1/damage	zonsham	626	926
weapon1/damageCategory/airship	verlight	0	<absent>
weapon1/damageCategory/airship	zonamoe	<absent>	1000
weapon1/damageCategory/airship	zonharp	0	<absent>
weapon1/damageCategory/dragon	tarmind	0	<absent>
weapon1/damageCategory/dragon	verlight	0	<absent>
weapon1/damageCategory/dragon	zonamoe	600	1000
weapon1/damageCategory/dragon	zongiant	380	<absent>
weapon1/damageCategory/dragon	zonharp	0	<absent>
weapon1/damageCategory/factory	araarch	<absent>	53
weapon1/damageCategory/factory	araat	<absent>	56
weapon1/damageCategory/factory	aracan	<absent>	2500
weapon1/damageCategory/factory	araknigh	<absent>	217
weapon1/damageCategory/factory	arapult	<absent>	1562
weapon1/damageCategory/factory	arasiege	<absent>	276
weapon1/damageCategory/factory	arasmith	<absent>	1400
weapon1/damageCategory/factory	arasword	<absent>	180
weapon1/damageCategory/factory	aratrans	<absent>	63
weapon1/damageCategory/factory	creaeri	<absent>	77
weapon1/damageCategory/factory	creauto	<absent>	202
weapon1/damageCategory/factory	cregatl	<absent>	81
weapon1/damageCategory/factory	tarblack	<absent>	72
weapon1/damageCategory/factory	tarmind	0	<absent>
weapon1/damageCategory/factory	tarship	<absent>	52
weapon1/damageCategory/factory	tartroop	<absent>	210
weapon1/damageCategory/factory	tarzom	<absent>	87
weapon1/damageCategory/factory	verarch	<absent>	73
weapon1/damageCategory/factory	verat	<absent>	50
weapon1/damageCategory/factory	verbal	<absent>	450
weapon1/damageCategory/factory	verflag	<absent>	103
weapon1/damageCategory/factory	verharp	<absent>	172
weapon1/damageCategory/factory	verknigh	<absent>	75
weapon1/damageCategory/factory	verlight	0	<absent>
weapon1/damageCategory/factory	vermer	<absent>	230
weapon1/damageCategory/factory	verpult	<absent>	1266
weapon1/damageCategory/factory	verscout	<absent>	53
weapon1/damageCategory/factory	versword	<absent>	190
weapon1/damageCategory/factory	vertrans	<absent>	60
weapon1/damageCategory/factory	zonamoe	600	2000
weapon1/damageCategory/factory	zongob	<absent>	543
weapon1/damageCategory/factory	zonharp	0	<absent>
weapon1/damageCategory/factory	zonter	<absent>	67
weapon1/damageCategory/factory	zontroll	<absent>	337
weapon1/damageCategory/fort	araarch	<absent>	53
weapon1/damageCategory/fort	araat	<absent>	56
weapon1/damageCategory/fort	aracan	<absent>	2500
weapon1/damageCategory/fort	araknigh	<absent>	217
weapon1/damageCategory/fort	arapult	<absent>	1562
weapon1/damageCategory/fort	arasiege	<absent>	276
weapon1/damageCategory/fort	arasmith	<absent>	1400
weapon1/damageCategory/fort	arasword	<absent>	180
weapon1/damageCategory/fort	aratrans	<absent>	63
weapon1/damageCategory/fort	creaeri	<absent>	77
weapon1/damageCategory/fort	creauto	<absent>	202
weapon1/damageCategory/fort	cregatl	<absent>	81
weapon1/damageCategory/fort	tarblack	<absent>	72
weapon1/damageCategory/fort	tarmind	0	<absent>
weapon1/damageCategory/fort	tarship	<absent>	52
weapon1/damageCategory/fort	tartroop	<absent>	210
weapon1/damageCategory/fort	tarzom	<absent>	87
weapon1/damageCategory/fort	verarch	<absent>	73
weapon1/damageCategory/fort	verat	<absent>	50
weapon1/damageCategory/fort	verbal	<absent>	450
weapon1/damageCategory/fort	verflag	<absent>	103
weapon1/damageCategory/fort	verharp	<absent>	172
weapon1/damageCategory/fort	verknigh	<absent>	75
weapon1/damageCategory/fort	verlight	0	<absent>
weapon1/damageCategory/fort	vermer	<absent>	230
weapon1/damageCategory/fort	verpult	<absent>	1266
weapon1/damageCategory/fort	verscout	<absent>	53
weapon1/damageCategory/fort	versword	<absent>	190
weapon1/damageCategory/fort	vertrans	<absent>	60
weapon1/damageCategory/fort	zonamoe	600	2000
weapon1/damageCategory/fort	zongob	<absent>	543
weapon1/damageCategory/fort	zongryp	<absent>	385
weapon1/damageCategory/fort	zonharp	0	<absent>
weapon1/damageCategory/fort	zonter	<absent>	67
weapon1/damageCategory/fort	zontroll	<absent>	337
weapon1/damageCategory/god	tarmind	0	<absent>
weapon1/damageCategory/god	verlight	0	<absent>
weapon1/damageCategory/god	zonamoe	600	1000
weapon1/damageCategory/god	zonharp	0	<absent>
weapon1/damageCategory/human	tarang	9000	<absent>
weapon1/damageCategory/human	zonamoe	600	1000
weapon1/damageCategory/lodestone	arabuild	<absent>	375
weapon1/damageCategory/lodestone	tarmind	0	<absent>
weapon1/damageCategory/lodestone	zonharp	0	<absent>
weapon1/damageCategory/mechanical	araarch	<absent>	106
weapon1/damageCategory/mechanical	araat	<absent>	112
weapon1/damageCategory/mechanical	araking	<absent>	1562
weapon1/damageCategory/mechanical	araknigh	<absent>	326
weapon1/damageCategory/mechanical	arasiege	<absent>	552
weapon1/damageCategory/mechanical	arasmith	<absent>	1050
weapon1/damageCategory/mechanical	arasword	<absent>	270
weapon1/damageCategory/mechanical	aratrans	<absent>	126
weapon1/damageCategory/mechanical	creaeri	<absent>	155
weapon1/damageCategory/mechanical	creauto	<absent>	303
weapon1/damageCategory/mechanical	crechie	<absent>	1250
weapon1/damageCategory/mechanical	cregatl	<absent>	162
weapon1/damageCategory/mechanical	cremech	<absent>	272
weapon1/damageCategory/mechanical	creshoc	<absent>	565
weapon1/damageCategory/mechanical	tarang	<absent>	0
weapon1/damageCategory/mechanical	tarblack	<absent>	144
weapon1/damageCategory/mechanical	tarlich	<absent>	1000
weapon1/damageCategory/mechanical	tarpries	<absent>	937
weapon1/damageCategory/mechanical	tarsh	<absent>	1812
weapon1/damageCategory/mechanical	tarship	<absent>	105
weapon1/damageCategory/mechanical	tartroop	<absent>	315
weapon1/damageCategory/mechanical	tarzom	<absent>	131
weapon1/damageCategory/mechanical	verarch	<absent>	146
weapon1/damageCategory/mechanical	verat	<absent>	100
weapon1/damageCategory/mechanical	verbal	<absent>	675
weapon1/damageCategory/mechanical	verflag	<absent>	206
weapon1/damageCategory/mechanical	verharp	<absent>	344
weapon1/damageCategory/mechanical	verknigh	<absent>	150
weapon1/damageCategory/mechanical	verscout	<absent>	107
weapon1/damageCategory/mechanical	versword	<absent>	285
weapon1/damageCategory/mechanical	vertrans	<absent>	121
weapon1/damageCategory/mechanical	zonamoe	<absent>	1000
weapon1/damageCategory/mechanical	zonflies	<absent>	650
weapon1/damageCategory/mechanical	zonglyph	<absent>	656
weapon1/damageCategory/mechanical	zongob	<absent>	362
weapon1/damageCategory/mechanical	zonhunt	<absent>	1538
weapon1/damageCategory/mechanical	zonsham	<absent>	1157
weapon1/damageCategory/mechanical	zonter	<absent>	135
weapon1/damageCategory/monarch	aragod	160	63
weapon1/damageCategory/monarch	cregod	100	50
weapon1/damageCategory/monarch	crepris	<absent>	263
weapon1/damageCategory/monarch	targod	150	55
weapon1/damageCategory/monarch	tarmind	0	<absent>
weapon1/damageCategory/monarch	vergod	135	56
weapon1/damageCategory/monarch	verlight	0	<absent>
weapon1/damageCategory/monarch	vermage	<absent>	375
weapon1/damageCategory/monarch	zonamoe	600	1000
weapon1/damageCategory/monarch	zongod	70	24
weapon1/damageCategory/monarch	zonharp	0	<absent>
weapon1/damageCategory/monster	tarang	9000	<absent>
weapon1/damageCategory/monster	zonamoe	600	1000
weapon1/damageCategory/naval	araarch	<absent>	106
weapon1/damageCategory/naval	araat	<absent>	112
weapon1/damageCategory/naval	arasiege	<absent>	552
weapon1/damageCategory/naval	aratrans	<absent>	126
weapon1/damageCategory/naval	creaeri	<absent>	155
weapon1/damageCategory/naval	tarblack	<absent>	144
weapon1/damageCategory/naval	tarmind	0	<absent>
weapon1/damageCategory/naval	verarch	<absent>	146
weapon1/damageCategory/naval	verat	<absent>	100
weapon1/damageCategory/naval	verbal	<absent>	450
weapon1/damageCategory/naval	verflag	<absent>	206
weapon1/damageCategory/naval	verharp	<absent>	344
weapon1/damageCategory/naval	verknigh	<absent>	150
weapon1/damageCategory/naval	vermer	<absent>	690
weapon1/damageCategory/naval	verscout	<absent>	107
weapon1/damageCategory/naval	vertrans	<absent>	121
weapon1/damageCategory/naval	zonamoe	600	1000
weapon1/damageCategory/naval	zonharp	0	<absent>
weapon1/damageCategory/naval	zonkrak	<absent>	750
weapon1/damageCategory/naval	zonswamp	<absent>	723
weapon1/damageCategory/naval	zonter	<absent>	135
weapon1/damageCategory/siege	arasmith	<absent>	1050
weapon1/damageCategory/siege	tarang	9000	<absent>
weapon1/damageCategory/siege	zonamoe	<absent>	2000
weapon1/damageCategory/siege	zongob	<absent>	543
weapon1/damageCategory/stalwart	araarch	<absent>	53
weapon1/damageCategory/stalwart	araat	<absent>	56
weapon1/damageCategory/stalwart	araknigh	<absent>	217
weapon1/damageCategory/stalwart	araspy	<absent>	4260
weapon1/damageCategory/stalwart	arasword	<absent>	180
weapon1/damageCategory/stalwart	aratrans	<absent>	63
weapon1/damageCategory/stalwart	creaeri	<absent>	77
weapon1/damageCategory/stalwart	creauto	<absent>	202
weapon1/damageCategory/stalwart	cregatl	<absent>	81
weapon1/damageCategory/stalwart	tarblack	<absent>	72
weapon1/damageCategory/stalwart	tarship	<absent>	52
weapon1/damageCategory/stalwart	tartroop	<absent>	210
weapon1/damageCategory/stalwart	tarzom	<absent>	87
weapon1/damageCategory/stalwart	verarch	<absent>	73
weapon1/damageCategory/stalwart	verat	<absent>	50
weapon1/damageCategory/stalwart	verflag	<absent>	103
weapon1/damageCategory/stalwart	vermer	<absent>	230
weapon1/damageCategory/stalwart	verscout	<absent>	53
weapon1/damageCategory/stalwart	versword	<absent>	190
weapon1/damageCategory/stalwart	vertrans	<absent>	60
weapon1/damageCategory/stalwart	zonamoe	<absent>	1000
weapon1/damageCategory/stalwart	zonter	<absent>	67
weapon1/damageCategory/tier1	araat	<absent>	450
weapon1/damageCategory/tier1	arabroad	<absent>	1480
weapon1/damageCategory/tier1	araspy	<absent>	4260
weapon1/damageCategory/tier1	arassh	<absent>	2450
weapon1/damageCategory/tier1	cregatl	<absent>	650
weapon1/damageCategory/tier1	tarblack	<absent>	361
weapon1/damageCategory/tier1	tarcage	<absent>	885
weapon1/damageCategory/tier1	tardemon	<absent>	1140
weapon1/damageCategory/tier1	tarsh	<absent>	2900
weapon1/damageCategory/tier1	tartroop	<absent>	462
weapon1/damageCategory/tier1	verat	<absent>	400
weapon1/damageCategory/tier1	vercrus	<absent>	1430
weapon1/damageCategory/tier1	verfltwr	<absent>	1778
weapon1/damageCategory/tier1	vertower	<absent>	2300
weapon1/damageCategory/tier1	zonamoe	<absent>	1000
weapon1/damageCategory/tier1	zonglyph	<absent>	1050
weapon1/damageCategory/undead	tarang	9000	0
weapon1/damageCategory/undead	vercrus	<absent>	1072
weapon1/decay	zongod	2	1
weapon1/dmgType	verfltwr	1	3
weapon1/duration	zongod	6	9
weapon1/durationTicks	zongod	180	270
weapon1/edge	aracan	1	0.75
weapon1/edge	arassh	0.100000001	0.200000003
weapon1/edge	targod	1	0.699999988
weapon1/edge	vergod	0.800000012	0.699999988
weapon1/edge	zongod	0.300000012	1
weapon1/emitTime	crechie	100	15
weapon1/emitTime	crefire	60	45
weapon1/emitTime	creshoc	100	50
weapon1/emitTime	tarpries	45	15
weapon1/emitTime	tarsh	25	10
weapon1/emitTime	zonglyph	0	5
weapon1/emitTime	zonsham	34	5
weapon1/explosionClass	arabow		teeny explosion
weapon1/explosionClass	vercen		teeny explosion
weapon1/explosionClass	verfltwr	medium dust puff	small explosion
weapon1/explosionClass	zongryp	small dust puff	teeny explosion
weapon1/fireStarter	vercen	0	1
weapon1/fireStarter	zongryp	0	1
weapon1/fx	vercen	0	2
weapon1/kind	vercen	0	1
weapon1/kind	zonlord	0	1
weapon1/maxVariation	zongod	2	5
weapon1/minRange	arapult	0	180
weapon1/minRange	crebeas	0	90
weapon1/minRange	crebomb	0	180
weapon1/minRange	cresubm	0	180
weapon1/minRange	cretort	64	65
weapon1/minRange	verknigh	0	100
weapon1/minRange	vermort	0	180
weapon1/minRange	verpult	0	180
weapon1/minRange	vertre	0	500
weapon1/projVel	aratrans	725	525
weapon1/projVel	arawar	420	760
weapon1/projVel	credrag	230	330
weapon1/projVel	cregatl	595	800
weapon1/projVel	verbal	760	350
weapon1/projVel	vercen	580	680
weapon1/range	arabroad	300	55
weapon1/range	aracan	600	800
weapon1/range	aragod	1000	40
weapon1/range	araknigh	300	100
weapon1/range	arapal	300	100
weapon1/range	arasmith	300	55
weapon1/range	arasword	300	30
weapon1/range	arawar	485	550
weapon1/range	creauto	300	30
weapon1/range	crebeas	620	850
weapon1/range	crechie	450	350
weapon1/range	crefire	345	350
weapon1/range	creiron	430	450
weapon1/range	cremech	410	220
weapon1/range	crepris	1478	1200
weapon1/range	crester	550	500
weapon1/range	cresubm	750	800
weapon1/range	cretort	805	600
weapon1/range	lifsaber	300	250
weapon1/range	lifwolf	300	250
weapon1/range	monboar	300	250
weapon1/range	mondev	300	30
weapon1/range	monghoul	300	50
weapon1/range	monpiran	300	100
weapon1/range	npcbeg2	300	30
weapon1/range	npcemen	300	30
weapon1/range	npcfarm2	300	30
weapon1/range	npchunt	300	30
weapon1/range	npcleim	300	30
weapon1/range	npcpeas2	300	30
weapon1/range	npcpow2	300	80
weapon1/range	npcsail	300	10
weapon1/range	npctribe	300	25
weapon1/range	tarcage	490	450
weapon1/range	tarcan	550	500
weapon1/range	tardemon	300	100
weapon1/range	targod	1000	40
weapon1/range	tarhand	300	150
weapon1/range	tarmage	200	250
weapon1/range	tarspout	255	350
weapon1/range	tartroop	300	85
weapon1/range	tarzom	300	50
weapon1/range	verbal	860	650
weapon1/range	verbers	300	40
weapon1/range	vercen	605	450
weapon1/range	vercrus	300	80
weapon1/range	verfltwr	710	500
weapon1/range	vergod	1000	40
weapon1/range	verharp	710	450
weapon1/range	verknigh	320	380
weapon1/range	verman	800	550
weapon1/range	vermer	300	50
weapon1/range	verscout	580	480
weapon1/range	versword	300	30
weapon1/range	vertrans	580	450
weapon1/range	vertre	2537	2037
weapon1/range	zonamoe	504	45
weapon1/range	zonbar	985	45
weapon1/range	zonglyph	607	550
weapon1/range	zongod	500	200
weapon1/range	zonlord	500	400
weapon1/range	zonorc	300	45
weapon1/range	zonswamp	300	150
weapon1/range	zontroll	300	34
weapon1/range	zonwolf	300	250
weapon1/range	zonwolf2	300	250
weapon1/reload	arabuild	2	3.79999995
weapon1/reload	aragren	1.89999998	2.9000001
weapon1/reload	araspy	4.0999999	3.0999999
weapon1/reload	arassh	4	3
weapon1/reload	aratrans	1.35000002	3.0999999
weapon1/reload	arawar	2.4000001	3.70000005
weapon1/reload	crebeas	2.5	3.5
weapon1/reload	crechie	2.0999999	2.79999995
weapon1/reload	creiron	3.20000005	4.30000019
weapon1/reload	crepris	4.5	3
weapon1/reload	cresage	3	2
weapon1/reload	tarhand	2	1.5
weapon1/reload	tarsh	3.79999995	2.4000001
weapon1/reload	tarspout	3	2.29999995
weapon1/reload	tarzom	1.64999998	2.6500001
weapon1/reload	vercen	2.5	3.5
weapon1/reload	verfltwr	3	2.79999995
weapon1/reload	verknigh	1.20000005	1.5
weapon1/reload	verscout	1.79999995	2.5
weapon1/reload	vertower	3.20000005	2.79999995
weapon1/reload	vertrans	1.79999995	2.4000001
weapon1/reload	vertre	5	7
weapon1/reload	zonamoe	2	2.5
weapon1/reload	zondrake	4.5	3.25
weapon1/reload	zongod	1.5	1
weapon1/reload	zontroll	1.60000002	1.70000005
weapon1/shotModel	tararch	araarrow	araarrow2
weapon1/shotModel	vercen	araarrow	araarrow2
weapon1/shotModel	zongryp	zonterspear	araarrow2
weapon1/soundHit	verfltwr	arrow	cannon
weapon1/straight	vercen	1	0
weapon1/subSteps	arawar	1	2
weapon1/subSteps	verbal	2	1
weapon1/switchReloadTicks	arabuild	60	114
weapon1/switchReloadTicks	aragren	57	87
weapon1/switchReloadTicks	araspy	122	93
weapon1/switchReloadTicks	arassh	120	90
weapon1/switchReloadTicks	aratrans	40	93
weapon1/switchReloadTicks	arawar	72	111
weapon1/switchReloadTicks	crebeas	75	105
weapon1/switchReloadTicks	crechie	63	84
weapon1/switchReloadTicks	creiron	96	129
weapon1/switchReloadTicks	crepris	135	90
weapon1/switchReloadTicks	cresage	90	60
weapon1/switchReloadTicks	tarhand	60	45
weapon1/switchReloadTicks	tarsh	114	72
weapon1/switchReloadTicks	tarspout	90	69
weapon1/switchReloadTicks	tarzom	49	79
weapon1/switchReloadTicks	vercen	75	105
weapon1/switchReloadTicks	verfltwr	90	84
weapon1/switchReloadTicks	verknigh	36	45
weapon1/switchReloadTicks	verscout	54	75
weapon1/switchReloadTicks	vertower	96	84
weapon1/switchReloadTicks	vertrans	54	72
weapon1/switchReloadTicks	vertre	150	210
weapon1/switchReloadTicks	zonamoe	60	75
weapon1/switchReloadTicks	zondrake	135	97
weapon1/switchReloadTicks	zongod	45	30
weapon1/switchReloadTicks	zontroll	48	51
weapon1/turnRate	zonlord	0	3.14159274
weapon1/variationTicks	zongod	15	60
weapon1/variationTime	zongod	0.5	2
weapon2/aimTol	aragod	33000	1024
weapon2/aimTol	aragren	1024	512
weapon2/aimTol	arawar	<absent>	1024
weapon2/aimTol	targod	33000	1024
weapon2/aoe	aradrag	45	100
weapon2/aoe	aragod	500	400
weapon2/aoe	aragren	100	50
weapon2/aoe	arapries	200	0
weapon2/aoe	arawar	<absent>	0
weapon2/aoe	tardrag	60	100
weapon2/aoe	targod	180	30
weapon2/aoe	verdrag	50	100
weapon2/aoe	vergod	180	30
weapon2/aoe	zondrag	60	100
weapon2/ballistic	arawar	<absent>	1
weapon2/beam	arapries	0	1
weapon2/beam	arawar	<absent>	0
weapon2/buildUp	arawar	<absent>	0
weapon2/buildUp	vergod	1.20000005	2.25
weapon2/buildUpTicks	arawar	<absent>	0
weapon2/buildUpTicks	vergod	36	67
weapon2/damage	aradrag	845	1245
weapon2/damage	aragod	15000	3077
weapon2/damage	aragren	684	1284
weapon2/damage	araking	2000	2200
weapon2/damage	arapries	70	1
weapon2/damage	arawar	<absent>	252
weapon2/damage	crechie	1	450
weapon2/damage	credrag	1	450
weapon2/damage	cregod	5000	2500
weapon2/damage	creiron	688	650
weapon2/damage	cremech	1	450
weapon2/damage	tarang	6000	987
weapon2/damage	tardrag	796	1296
weapon2/damage	targod	12500	2321
weapon2/damage	tarnecro	1020	1220
weapon2/damage	tarwitch	492	792
weapon2/damage	verdrag	795	1295
weapon2/damage	vergod	15000	2200
weapon2/damage	vermage	2001	2201
weapon2/damage	zondrag	774	1274
weapon2/damage	zonhunt	1455	1655
weapon2/damageCategory/dragon	aradrag	1690	2490
weapon2/damageCategory/dragon	araking	<absent>	4400
weapon2/damageCategory/dragon	tardrag	1592	2592
weapon2/damageCategory/dragon	tarmind	0	<absent>
weapon2/damageCategory/dragon	tarnecro	<absent>	2440
weapon2/damageCategory/dragon	verdrag	1590	2590
weapon2/damageCategory/dragon	vermage	<absent>	4402
weapon2/damageCategory/dragon	zondrag	1548	2548
weapon2/damageCategory/dragon	zonhunt	<absent>	3310
weapon2/damageCategory/factory	araat	<absent>	56
weapon2/damageCategory/factory	aragren	<absent>	1926
weapon2/damageCategory/factory	arasiege	<absent>	137
weapon2/damageCategory/factory	arawar	<absent>	63
weapon2/damageCategory/factory	crebeas	<absent>	499
weapon2/damageCategory/factory	crechie	<absent>	112
weapon2/damageCategory/factory	credrag	<absent>	112
weapon2/damageCategory/factory	cremech	<absent>	112
weapon2/damageCategory/factory	tarmind	0	<absent>
weapon2/damageCategory/factory	verat	<absent>	50
weapon2/damageCategory/factory	verball	<absent>	40
weapon2/damageCategory/fort	araat	<absent>	56
weapon2/damageCategory/fort	aragren	<absent>	1926
weapon2/damageCategory/fort	arasiege	<absent>	137
weapon2/damageCategory/fort	arawar	<absent>	63
weapon2/damageCategory/fort	crebeas	<absent>	499
weapon2/damageCategory/fort	crechie	<absent>	112
weapon2/damageCategory/fort	credrag	<absent>	112
weapon2/damageCategory/fort	cremech	<absent>	112
weapon2/damageCategory/fort	tarang	3000	<absent>
weapon2/damageCategory/fort	tarmind	0	<absent>
weapon2/damageCategory/fort	verat	<absent>	50
weapon2/damageCategory/fort	verball	<absent>	40
weapon2/damageCategory/god	tarmind	0	<absent>
weapon2/damageCategory/lodestone	tarmind	0	<absent>
weapon2/damageCategory/mechanical	araat	<absent>	112
weapon2/damageCategory/mechanical	arasiege	<absent>	275
weapon2/damageCategory/mechanical	arawar	<absent>	126
weapon2/damageCategory/mechanical	tarpries	<absent>	1156
weapon2/damageCategory/mechanical	tarwitch	<absent>	990
weapon2/damageCategory/mechanical	verat	<absent>	100
weapon2/damageCategory/mechanical	verball	<absent>	80
weapon2/damageCategory/mechanical	zonhunt	<absent>	2068
weapon2/damageCategory/monarch	aragod	150	30
weapon2/damageCategory/monarch	creaeri	<absent>	517
weapon2/damageCategory/monarch	cregod	50	25
weapon2/damageCategory/monarch	tarang	3000	<absent>
weapon2/damageCategory/monarch	targod	125	23
weapon2/damageCategory/monarch	tarmind	0	<absent>
weapon2/damageCategory/monarch	vergod	150	22
weapon2/damageCategory/monarch	vermage	1000	<absent>
weapon2/damageCategory/naval	araat	<absent>	112
weapon2/damageCategory/naval	aragren	<absent>	1926
weapon2/damageCategory/naval	arawar	<absent>	126
weapon2/damageCategory/naval	tarmind	0	<absent>
weapon2/damageCategory/naval	verat	<absent>	100
weapon2/damageCategory/naval	verball	<absent>	80
weapon2/damageCategory/stalwart	araat	<absent>	56
weapon2/damageCategory/stalwart	arasiege	<absent>	137
weapon2/damageCategory/stalwart	arawar	<absent>	63
weapon2/damageCategory/stalwart	verat	<absent>	50
weapon2/damageCategory/stalwart	verball	<absent>	40
weapon2/damageCategory/tier1	araat	<absent>	450
weapon2/damageCategory/tier1	verat	<absent>	400
weapon2/decay	arawar	<absent>	0
weapon2/decay	targod	1.5	1
weapon2/decay	vergod	2	1
weapon2/dmgType	arawar	<absent>	1
weapon2/duration	arapries	2.5	0
weapon2/duration	arawar	<absent>	0
weapon2/duration	targod	8	9
weapon2/durationTicks	arapries	75	0
weapon2/durationTicks	arawar	<absent>	0
weapon2/durationTicks	targod	240	270
weapon2/edge	arapries	0.75	1
weapon2/edge	arawar	<absent>	1
weapon2/edge	targod	0.800000012	1
weapon2/emitTime	arawar	<absent>	0
weapon2/explosionClass	arapries	iceballexp	blue_shockring
weapon2/explosionClass	arawar	<absent>	
weapon2/fireStarter	arawar	<absent>	0
weapon2/flameKind	arawar	<absent>	-1
weapon2/fx	arawar	<absent>	0
weapon2/kind	arapries	2	0
weapon2/kind	arawar	<absent>	0
weapon2/lightMap	arapries	0	2
weapon2/lightMap	arawar	<absent>	0
weapon2/lightning	arawar	<absent>	0
weapon2/manaCost	araking	200	300
weapon2/manaCost	arapries	600	250
weapon2/manaCost	arawar	<absent>	0
weapon2/manaCost	credrag	400	300
weapon2/manaCost	tarang	1000	200
weapon2/manaCost	tarnecro	200	250
weapon2/manaCost	vermage	200	250
weapon2/maxVariation	arawar	<absent>	0
weapon2/maxVariation	targod	8	5
weapon2/maxVariation	vergod	4	5
weapon2/melee	arawar	<absent>	0
weapon2/minRange	arawar	<absent>	0
weapon2/minRange	cresage	0	150
weapon2/mindControl	arawar	<absent>	0
weapon2/noAir	arapries	0	1
weapon2/noAir	arawar	<absent>	0
weapon2/particlesPerSec	arapries	5	0
weapon2/particlesPerSec	arawar	<absent>	0
weapon2/projVel	aragod	2000	200
weapon2/projVel	arapries	1000	500
weapon2/projVel	arawar	<absent>	420
weapon2/projVel	targod	80	45
weapon2/range	aragren	512	503
weapon2/range	arapries	400	300
weapon2/range	arawar	<absent>	380
weapon2/range	creiron	370	350
weapon2/range	cremech	410	280
weapon2/range	cresage	1200	750
weapon2/range	tarang	1500	600
weapon2/range	targod	500	200
weapon2/range	tarwitch	225	425
weapon2/range	vergod	500	150
weapon2/reload	aragod	3	5
weapon2/reload	aragren	2.5	2.9000001
weapon2/reload	arapries	5	3.5
weapon2/reload	arawar	<absent>	3.0999999
weapon2/reload	creiron	2.5999999	3.9000001
weapon2/reload	cresage	2	4.5
weapon2/reload	tarang	1	2
weapon2/reload	targod	1	1.5
weapon2/reload	vergod	1.20000005	2
weapon2/remote	arapries	2	0
weapon2/remote	arawar	<absent>	0
weapon2/shakeMag	aragod	4	3
weapon2/shakeMag	arawar	<absent>	0
weapon2/shotModel	arawar	<absent>	araarrow
weapon2/soundHit	arapries	rock	arrow08
weapon2/soundHit	arawar	<absent>	arrow
weapon2/soundHit	targod	creflamehit5	arrow08
weapon2/soundHit	vergod	crestormlaunch5	arrow08
weapon2/status	arapries	0	2
weapon2/status	arawar	<absent>	0
weapon2/statusDur	arapries	0	5
weapon2/statusDur	arawar	<absent>	0
weapon2/straight	arawar	<absent>	0
weapon2/subSteps	aragod	5	1
weapon2/subSteps	arapries	3	2
weapon2/subSteps	arawar	<absent>	1
weapon2/switchReloadTicks	aragod	90	150
weapon2/switchReloadTicks	aragren	75	87
weapon2/switchReloadTicks	arapries	150	105
weapon2/switchReloadTicks	arawar	<absent>	93
weapon2/switchReloadTicks	creiron	78	117
weapon2/switchReloadTicks	cresage	60	135
weapon2/switchReloadTicks	tarang	30	60
weapon2/switchReloadTicks	targod	30	45
weapon2/switchReloadTicks	vergod	36	60
weapon2/turnRate	arawar	<absent>	0
weapon2/variationTicks	arawar	<absent>	0
weapon2/variationTicks	vergod	45	60
weapon2/variationTime	arawar	<absent>	0
weapon2/variationTime	vergod	1.5	2
weapon2/waterExplosionClass	arapries	medium water explosion	
weapon2/waterExplosionClass	arawar	<absent>	small water explosion
weapon2/weaponArt	arapries	iceballspin	fireballa
weapon2/weaponArt	arawar	<absent>	
weapon3/aimTol	aragren	1024	512
weapon3/aoe	aragren	65	140
weapon3/aoe	arapries	0	200
weapon3/aoe	credrag	290	180
weapon3/aoe	tarpries	80	100
weapon3/aoe	verdrag	180	220
weapon3/beam	arapries	1	0
weapon3/damage	arabow	500	1
weapon3/damage	aragren	538	228
weapon3/damage	arapries	1	400
weapon3/damage	crechie	1000	1
weapon3/damage	credrag	1	450
weapon3/damage	cregod	5000	1000
weapon3/damage	tarang	1080	500
weapon3/damage	tarmage	300	350
weapon3/damageCategory/airship	arabow	0	<absent>
weapon3/damageCategory/dragon	arabow	0	<absent>
weapon3/damageCategory/dragon	crechie	0	<absent>
weapon3/damageCategory/dragon	credrag	0	<absent>
weapon3/damageCategory/factory	arabow	0	<absent>
weapon3/damageCategory/factory	araking	<absent>	1250
weapon3/damageCategory/factory	crechie	0	<absent>
weapon3/damageCategory/factory	credrag	0	112
weapon3/damageCategory/factory	cresage	<absent>	1250
weapon3/damageCategory/factory	tarnecro	<absent>	1250
weapon3/damageCategory/factory	vermage	<absent>	1250
weapon3/damageCategory/factory	zonhunt	<absent>	1250
weapon3/damageCategory/fort	arabow	0	<absent>
weapon3/damageCategory/fort	araking	<absent>	1250
weapon3/damageCategory/fort	crechie	0	<absent>
weapon3/damageCategory/fort	credrag	0	112
weapon3/damageCategory/fort	cresage	<absent>	1250
weapon3/damageCategory/fort	tarang	540	<absent>
weapon3/damageCategory/fort	tarnecro	<absent>	1250
weapon3/damageCategory/fort	vermage	<absent>	1250
weapon3/damageCategory/fort	zonhunt	<absent>	1250
weapon3/damageCategory/god	arabow	0	<absent>
weapon3/damageCategory/god	crechie	0	<absent>
weapon3/damageCategory/god	credrag	0	<absent>
weapon3/damageCategory/lodestone	credrag	0	<absent>
weapon3/damageCategory/monarch	arabow	0	<absent>
weapon3/damageCategory/monarch	araking	<absent>	1250
weapon3/damageCategory/monarch	creaeri	<absent>	517
weapon3/damageCategory/monarch	crechie	0	<absent>
weapon3/damageCategory/monarch	credrag	0	<absent>
weapon3/damageCategory/monarch	cregod	50	10
weapon3/damageCategory/monarch	cresage	<absent>	1250
weapon3/damageCategory/monarch	tarang	540	<absent>
weapon3/damageCategory/monarch	tarnecro	<absent>	1250
weapon3/damageCategory/monarch	vermage	<absent>	1250
weapon3/damageCategory/monarch	zonhunt	<absent>	1250
weapon3/damageCategory/naval	arabow	0	<absent>
weapon3/damageCategory/naval	credrag	0	<absent>
weapon3/duration	arapries	0	2.5
weapon3/durationTicks	arapries	0	75
weapon3/edge	arapries	1	0.75
weapon3/explosionClass	arapries	blue_shockring	iceballexp
weapon3/kind	arapries	0	2
weapon3/lightMap	arapries	2	0
weapon3/manaCost	aradrag	900	1300
weapon3/manaCost	arapries	750	900
weapon3/manaCost	tardrag	900	1300
weapon3/manaCost	verdrag	900	1300
weapon3/manaCost	zondrag	900	1300
weapon3/noAir	arapries	1	0
weapon3/particlesPerSec	arapries	0	10
weapon3/projVel	arapries	500	1000
weapon3/projVel	zonhunt	100	1000
weapon3/range	aragren	487	503
weapon3/range	arapries	300	400
weapon3/range	tarmage	447	450
weapon3/reload	aragren	3.0999999	2.9000001
weapon3/reload	arapries	5	4
weapon3/reload	tarang	10	5
weapon3/remote	arapries	0	2
weapon3/soundHit	arapries	arrow08	rock
weapon3/status	arapries	2	0
weapon3/statusDur	arapries	5	0
weapon3/subSteps	arapries	2	3
weapon3/subSteps	zonhunt	1	3
weapon3/switchReloadTicks	aragren	93	87
weapon3/switchReloadTicks	arapries	150	120
weapon3/switchReloadTicks	tarang	300	150
weapon3/waterExplosionClass	arapries		medium water explosion
weapon3/weaponArt	arapries	fireballa	iceballspin
