# routing,scenario,repeat,algorithm,portal_stride,arrived,steps,length_1024,cost_1024,route_and_field_work,graph_work,owned_peak_bound_bytes,total_ms
# invalidation,change,repeat,kept_fields,rejected_fields,rebuild_work,avoidable_work,proof_us,rebuild_us
routing,open,0,bfs,0,1,183,251840,251840,21808,0,147950,0.920
routing,open,0,portal,64,1,183,251840,251840,20855,202290,153992,13.860
routing,open,0,portal,16,1,183,251840,251840,22433,498852,173480,31.112
routing,weighted,0,bfs,0,1,181,185344,3281920,13098,0,106966,0.439
routing,weighted,0,portal,64,1,183,225552,225552,16759,202290,133500,12.738
routing,weighted,0,portal,16,1,183,225552,225552,18337,498852,152988,30.204
routing,maze,0,bfs,0,1,678,756600,756600,38715,0,229966,1.334
routing,maze,0,portal,64,1,652,741000,741000,32834,182592,218588,10.815
routing,maze,0,portal,16,1,652,741000,741000,37892,341737,253224,19.470
routing,unreachable,0,bfs,0,0,0,0,0,279,0,66006,0.003
routing,unreachable,0,portal,64,0,0,0,0,199,176978,72344,9.005
routing,unreachable,0,portal,16,0,0,0,0,811,403074,87560,22.312
invalidation,irrelevant,0,8,1,38754,34840,15.232,1246.084
invalidation,disconnect,0,0,9,14427,0,1.154,471.067
invalidation,open-shortcut,0,2,7,39045,8604,5.686,1285.116
invalidation,explore-shortcut,0,2,7,39045,8604,5.247,1253.620
invalidation,cost-change,0,8,1,39195,34840,15.981,1355.587
routing,open,1,bfs,0,1,183,251840,251840,21808,0,147950,0.725
routing,open,1,portal,64,1,183,251840,251840,20855,202290,153992,12.436
routing,open,1,portal,16,1,183,251840,251840,22433,498852,173480,30.020
routing,weighted,1,bfs,0,1,181,185344,3281920,13098,0,106966,0.456
routing,weighted,1,portal,64,1,183,225552,225552,16759,202290,133500,12.187
routing,weighted,1,portal,16,1,183,225552,225552,18337,498852,152988,29.824
routing,maze,1,bfs,0,1,678,756600,756600,38715,0,229966,1.360
routing,maze,1,portal,64,1,652,741000,741000,32834,182592,218588,11.690
routing,maze,1,portal,16,1,652,741000,741000,37892,341737,253224,21.574
routing,unreachable,1,bfs,0,0,0,0,0,279,0,66006,0.003
routing,unreachable,1,portal,64,0,0,0,0,199,176978,72344,10.018
routing,unreachable,1,portal,16,0,0,0,0,811,403074,87560,23.173
invalidation,irrelevant,1,8,1,38754,34840,14.651,1234.169
invalidation,disconnect,1,0,9,14427,0,1.045,437.298
invalidation,open-shortcut,1,2,7,39045,8604,5.524,1276.478
invalidation,explore-shortcut,1,2,7,39045,8604,5.359,1266.433
invalidation,cost-change,1,8,1,39195,34840,14.648,1248.986
routing,open,2,bfs,0,1,183,251840,251840,21808,0,147950,0.754
routing,open,2,portal,64,1,183,251840,251840,20855,202290,153992,12.685
routing,open,2,portal,16,1,183,251840,251840,22433,498852,173480,30.938
routing,weighted,2,bfs,0,1,181,185344,3281920,13098,0,106966,0.457
routing,weighted,2,portal,64,1,183,225552,225552,16759,202290,133500,12.150
routing,weighted,2,portal,16,1,183,225552,225552,18337,498852,152988,30.138
routing,maze,2,bfs,0,1,678,756600,756600,38715,0,229966,1.336
routing,maze,2,portal,64,1,652,741000,741000,32834,182592,218588,11.696
routing,maze,2,portal,16,1,652,741000,741000,37892,341737,253224,21.503
routing,unreachable,2,bfs,0,0,0,0,0,279,0,66006,0.003
routing,unreachable,2,portal,64,0,0,0,0,199,176978,72344,10.103
routing,unreachable,2,portal,16,0,0,0,0,811,403074,87560,23.174
invalidation,irrelevant,2,8,1,38754,34840,14.964,1243.633
invalidation,disconnect,2,0,9,14427,0,1.008,435.273
invalidation,open-shortcut,2,2,7,39045,8604,5.513,1291.076
invalidation,explore-shortcut,2,2,7,39045,8604,5.620,1269.132
invalidation,cost-change,2,8,1,39195,34840,14.701,1248.646
routing,open,3,bfs,0,1,183,251840,251840,21808,0,147950,0.723
routing,open,3,portal,64,1,183,251840,251840,20855,202290,153992,12.473
routing,open,3,portal,16,1,183,251840,251840,22433,498852,173480,30.110
routing,weighted,3,bfs,0,1,181,185344,3281920,13098,0,106966,0.442
routing,weighted,3,portal,64,1,183,225552,225552,16759,202290,133500,11.838
routing,weighted,3,portal,16,1,183,225552,225552,18337,498852,152988,29.746
routing,maze,3,bfs,0,1,678,756600,756600,38715,0,229966,1.324
routing,maze,3,portal,64,1,652,741000,741000,32834,182592,218588,11.833
routing,maze,3,portal,16,1,652,741000,741000,37892,341737,253224,21.777
routing,unreachable,3,bfs,0,0,0,0,0,279,0,66006,0.003
routing,unreachable,3,portal,64,0,0,0,0,199,176978,72344,9.744
routing,unreachable,3,portal,16,0,0,0,0,811,403074,87560,23.823
invalidation,irrelevant,3,8,1,38754,34840,15.038,1240.950
invalidation,disconnect,3,0,9,14427,0,1.069,436.870
invalidation,open-shortcut,3,2,7,39045,8604,5.552,1269.668
invalidation,explore-shortcut,3,2,7,39045,8604,5.551,1274.081
invalidation,cost-change,3,8,1,39195,34840,14.717,1235.115
routing,open,4,bfs,0,1,183,251840,251840,21808,0,147950,0.731
routing,open,4,portal,64,1,183,251840,251840,20855,202290,153992,12.371
routing,open,4,portal,16,1,183,251840,251840,22433,498852,173480,30.190
routing,weighted,4,bfs,0,1,181,185344,3281920,13098,0,106966,0.448
routing,weighted,4,portal,64,1,183,225552,225552,16759,202290,133500,12.249
routing,weighted,4,portal,16,1,183,225552,225552,18337,498852,152988,30.771
routing,maze,4,bfs,0,1,678,756600,756600,38715,0,229966,1.390
routing,maze,4,portal,64,1,652,741000,741000,32834,182592,218588,11.806
routing,maze,4,portal,16,1,652,741000,741000,37892,341737,253224,21.457
routing,unreachable,4,bfs,0,0,0,0,0,279,0,66006,0.003
routing,unreachable,4,portal,64,0,0,0,0,199,176978,72344,9.700
routing,unreachable,4,portal,16,0,0,0,0,811,403074,87560,23.457
invalidation,irrelevant,4,8,1,38754,34840,14.560,1230.592
invalidation,disconnect,4,0,9,14427,0,1.060,436.531
invalidation,open-shortcut,4,2,7,39045,8604,5.508,1261.389
invalidation,explore-shortcut,4,2,7,39045,8604,5.334,1266.764
invalidation,cost-change,4,8,1,39195,34840,14.598,1235.247
